price,Empfohlenes Alter in Jahren (mind.),Empfohlenes Alter in Jahren (max.),Anzahl Teile,Verpackungsbreite,Verpackungstiefe,Verpackungsh√∂he,Paketgewicht
179.0,18.0,99.0,2660.0,378.0,480.0,112.0,3040.0
119.0,18.0,99.0,811.0,378.0,354.0,70.5,1130.0
159.0,10.0,99.0,914.0,262.0,382.0,118.0,1860.0
59.95,9.0,99.0,806.0,262.0,382.0,70.5,1030.0
169.0,7.0,99.0,764.0,378.0,582.0,103.0,2250.0
54.95,1.5,99.0,85.0,262.0,370.0,180.0,1430.0
159.0,9.0,99.0,1082.0,378.0,480.0,70.5,1520.0
46.95,8.0,99.0,253.0,191.0,262.0,46.0,318.0
39.95,7.0,99.0,307.0,222.0,262.0,76.0,515.0
59.95,10.0,99.0,830.0,262.0,382.0,70.5,980.0
179.0,18.0,99.0,1458.0,282.0,480.0,118.0,1990.0
119.0,7.0,99.0,913.0,378.0,480.0,94.0,1810.0
89.95,9.0,99.0,601.0,262.0,382.0,70.5,877.0
269.0,18.0,99.0,2336.0,378.0,582.0,118.0,2860.0
36.95,7.0,99.0,348.0,262.0,317.0,70.5,600.0
4.95,5.0,99.0,10.0,106.0,94.0,24.0,150.0
209.0,18.0,99.0,1684.0,378.0,480.0,112.0,2330.0
24.95,6.0,99.0,140.0,191.0,205.0,46.0,222.0
59.95,9.0,99.0,905.0,262.0,382.0,70.5,882.0
36.95,6.0,99.0,279.0,191.0,354.0,59.0,475.0
589.0,18.0,99.0,6167.0,480.0,523.0,218.0,6890.0
39.95,8.0,99.0,403.0,262.0,191.0,72.0,436.0
26.95,6.0,99.0,108.0,141.0,191.0,46.0,131.0
199.0,6.0,12.0,1226.0,480.0,582.0,124.0,301.0
32.95,9.0,99.0,280.0,141.0,262.0,72.0,319.0
529.0,16.0,99.0,6020.0,490.0,595.0,190.0,7510.0
119.0,9.0,99.0,1056.0,282.0,540.0,59.0,1400.0
36.95,1.5,99.0,65.0,180.0,370.0,180.0,1050.0
239.0,18.0,99.0,1478.0,378.0,582.0,87.0,2130.0
54.95,8.0,99.0,384.0,262.0,282.0,59.0,526.0
119.0,9.0,99.0,874.0,282.0,540.0,78.5,1860.0
59.95,10.0,99.0,630.0,354.0,191.0,70.0,565.0
109.0,10.0,99.0,1073.0,382.0,262.0,118.0,1270.0
59.95,9.0,99.0,474.0,262.0,382.0,70.5,710.0
84.95,10.0,99.0,646.0,262.0,382.0,70.5,880.0
179.0,18.0,99.0,1456.0,282.0,480.0,118.0,1830.0
74.95,18.0,99.0,939.0,382.0,262.0,56.5,615.0
209.0,18.0,99.0,1434.0,378.0,582.0,87.0,2270.0
119.0,18.0,99.0,1363.0,282.0,480.0,91.0,1620.0
109.0,10.0,99.0,1132.0,262.0,382.0,118.0,1480.0
219.0,18.0,99.0,2319.0,582.0,378.0,103.0,2420.0
119.0,14.0,99.0,1062.0,378.0,354.0,70.5,1160.0
36.95,2.0,99.0,21.0,262.0,282.0,95.5,593.0
24.95,7.0,99.0,137.0,141.0,262.0,61.0,257.0
24.95,7.0,99.0,237.0,191.0,262.0,46.0,304.0
119.0,10.0,99.0,1360.0,282.0,480.0,118.0,1740.0
269.0,18.0,99.0,2352.0,378.0,582.0,118.0,3270.0
269.0,18.0,99.0,1920.0,378.0,582.0,103.0,2780.0
119.0,18.0,99.0,1107.0,282.0,480.0,91.0,1440.0
139.0,10.0,99.0,835.0,378.0,354.0,94.0,1400.0
489.0,8.0,99.0,3696.0,191.0,354.0,70.0,6120.0
169.0,18.0,99.0,2125.0,378.0,480.0,112.0,2450.0
119.0,8.0,99.0,1394.0,378.0,480.0,94.0,1920.0
24.95,6.0,99.0,223.0,141.0,262.0,72.0,311.0
24.95,2.0,99.0,20.0,262.0,282.0,95.5,604.0
99.0,18.0,99.0,834.0,354.0,191.0,118.0,1010.0
32.95,9.0,99.0,261.0,141.0,262.0,72.0,323.0
54.95,7.0,99.0,434.0,222.0,262.0,76.0,575.0
42.95,6.0,99.0,275.0,262.0,282.0,59.0,460.0
32.95,8.0,99.0,262.0,141.0,262.0,72.0,305.0
32.95,8.0,99.0,291.0,141.0,262.0,72.0,320.0
32.95,9.0,99.0,319.0,141.0,262.0,72.0,339.0
36.95,5.0,99.0,215.0,191.0,354.0,91.0,530.0
59.95,7.0,99.0,348.0,262.0,317.0,70.5,600.0
119.0,16.0,99.0,1685.0,191.0,354.0,118.0,1350.0
26.95,7.0,99.0,217.0,141.0,262.0,91.0,373.0
139.0,18.0,99.0,1173.0,480.0,282.0,91.0,1340.0
42.95,7.0,99.0,285.0,191.0,262.0,61.0,385.0
54.95,8.0,99.0,384.0,262.0,382.0,56.5,630.0
74.95,18.0,99.0,756.0,382.0,262.0,70.5,745.0
36.95,4.0,99.0,157.0,191.0,262.0,46.0,365.0
54.95,7.0,99.0,312.0,222.0,262.0,76.0,530.0
54.95,4.0,99.0,790.0,262.0,370.0,180.0,1590.0
24.95,6.0,99.0,198.0,191.0,262.0,46.0,280.0
54.95,9.0,99.0,592.0,191.0,354.0,70.0,630.0
69.95,8.0,99.0,494.0,262.0,382.0,56.5,722.0
379.0,18.0,99.0,2065.0,582.0,480.0,91.0,3330.0
159.0,18.0,99.0,1476.0,378.0,480.0,112.0,2470.0
629.0,18.0,99.0,9036.0,262.0,317.0,70.5,600.0
39.95,4.0,99.0,130.0,191.0,262.0,61.0,384.0
18.95,6.0,99.0,139.0,157.0,141.0,45.0,151.0
149.0,2.0,5.0,105.0,480.0,582.0,124.0,2750.0
299.0,18.0,99.0,2646.0,480.0,582.0,124.0,4160.0
539.0,18.0,99.0,3854.0,480.0,582.0,170.0,6000.0
99.0,9.0,99.0,1038.0,282.0,540.0,59.0,1260.0
59.95,18.0,99.0,608.0,382.0,262.0,70.5,740.0
17.95,1.5,99.0,1.0,435.0,385.0,6.0,287.0
169.0,7.0,99.0,815.0,378.0,582.0,118.0,2590.0
169.0,12.0,99.0,2010.0,378.0,582.0,103.0,2970.0
59.95,10.0,99.0,476.0,354.0,191.0,70.0,530.0
59.95,9.0,99.0,672.0,262.0,382.0,70.5,910.0
36.95,7.0,99.0,348.0,262.0,317.0,70.5,600.0
17.95,4.0,99.0,1.0,438.0,387.0,3.0,242.0
29.95,7.0,99.0,253.0,262.0,191.0,61.0,353.0
16.95,7.0,99.0,348.0,262.0,317.0,70.5,600.0
4.95,7.0,99.0,348.0,262.0,317.0,70.5,600.0
4.95,6.0,99.0,87.0,262.0,317.0,70.5,600.0
159.0,3.0,99.0,218.0,480.0,582.0,124.0,3450.0
26.95,7.0,99.0,244.0,141.0,262.0,91.0,419.0
179.0,16.0,99.0,1471.0,480.0,118.0,282.0,1820.0
119.0,9.0,99.0,868.0,282.0,540.0,78.5,1450.0
46.95,7.0,99.0,282.0,191.0,262.0,61.0,385.0
26.95,7.0,99.0,212.0,141.0,262.0,91.0,390.0
54.95,6.0,99.0,370.0,191.0,354.0,70.0,601.0
119.0,7.0,99.0,1045.0,378.0,480.0,94.0,2210.0
84.95,18.0,99.0,854.0,354.0,191.0,118.0,970.0
39.95,8.0,99.0,390.0,191.0,354.0,70.0,650.0
119.0,7.0,99.0,842.0,378.0,480.0,70.5,1780.0
24.95,7.0,99.0,215.0,191.0,262.0,46.0,382.0
26.95,7.0,99.0,260.0,141.0,262.0,91.0,420.0
99.0,9.0,99.0,764.0,378.0,354.0,70.5,1090.0
84.95,18.0,99.0,584.0,354.0,191.0,91.0,790.0
189.0,11.0,99.0,2017.0,378.0,582.0,118.0,2920.0
39.95,8.0,99.0,316.0,222.0,262.0,76.0,595.0
299.0,16.0,99.0,4002.0,480.0,582.0,170.0,4660.0
32.95,7.0,99.0,280.0,141.0,262.0,72.0,305.0
59.95,18.0,99.0,812.0,262.0,382.0,56.5,660.0
42.95,2.0,99.0,22.0,191.0,354.0,70.0,424.0
54.95,6.0,99.0,436.0,262.0,382.0,70.5,785.0
46.95,8.0,99.0,285.0,191.0,262.0,46.0,380.0
36.95,4.0,99.0,484.0,179.0,369.5,180.0,1040.0
99.0,4.0,99.0,498.0,378.0,354.0,94.0,1700.0
74.95,6.0,99.0,231.0,262.0,317.0,90.0,510.0
18.95,6.0,99.0,88.0,122.0,141.0,46.0,100.0
42.95,7.0,99.0,274.0,262.0,191.0,61.0,350.0
24.95,5.0,99.0,197.0,191.0,262.0,72.0,434.0
79.95,9.0,99.0,412.0,262.0,382.0,56.5,730.0
39.95,8.0,99.0,258.0,61.0,191.0,262.0,307.0
169.0,9.0,99.0,989.0,378.0,480.0,70.5,1470.0
299.0,18.0,99.0,2807.0,124.0,582.0,480.0,3980.0
54.95,6.0,99.0,433.0,262.0,382.0,56.5,715.0
119.0,10.0,99.0,973.0,282.0,540.0,59.0,1420.0
249.0,18.0,99.0,2899.0,480.0,582.0,124.0,3870.0
36.95,5.0,99.0,295.0,262.0,282.0,59.0,560.0
59.95,12.0,99.0,598.0,191.0,262.0,61.0,657.0
54.95,4.0,99.0,235.0,282.0,480.0,61.0,970.0
139.0,7.0,99.0,154.0,141.0,157.0,61.0,1650.0
119.0,18.0,99.0,1810.0,378.0,480.0,112.0,2700.0
79.95,8.0,99.0,615.0,262.0,382.0,56.5,700.0
54.95,8.0,99.0,482.0,262.0,282.0,76.0,641.0
24.95,7.0,99.0,23.0,191.0,354.0,91.0,532.0
119.0,9.0,99.0,924.0,282.0,480.0,74.0,1390.0
219.0,8.0,99.0,2010.0,480.0,582.0,91.0,3290.0
74.95,9.0,99.0,722.0,282.0,480.0,61.0,930.0
46.95,7.0,99.0,227.0,262.0,382.0,70.5,400.0
139.0,18.0,99.0,1466.0,282.0,480.0,91.0,1730.0
46.95,8.0,99.0,166.0,191.0,262.0,46.0,330.0
54.95,7.0,99.0,376.0,262.0,382.0,70.5,816.0
209.0,18.0,99.0,1775.0,378.0,480.0,112.0,2730.0
69.95,7.0,99.0,545.0,282.0,480.0,61.0,1010.0
59.95,9.0,99.0,544.0,262.0,382.0,70.5,850.0
24.95,5.0,99.0,148.0,191.0,262.0,61.0,340.0
4.95,7.0,99.0,348.0,262.0,317.0,70.5,600.0
84.95,14.0,99.0,754.0,382.0,262.0,70.5,970.0
119.0,10.0,99.0,900.0,354.0,378.0,70.5,1210.0
26.95,4.0,99.0,110.0,141.0,262.0,61.0,330.0
59.95,9.0,99.0,665.0,262.0,382.0,70.5,885.0
24.95,1.5,99.0,15.0,191.0,354.0,91.0,474.0
39.95,8.0,99.0,364.0,222.0,262.0,76.0,550.0
59.95,4.0,99.0,155.0,262.0,382.0,56.5,620.0
169.0,9.0,99.0,1513.0,582.0,378.0,103.0,2330.0
26.95,6.0,99.0,310.0,262.0,282.0,59.0,270.0
119.0,7.0,99.0,786.0,378.0,480.0,70.5,1460.0
11.95,6.0,99.0,146.0,141.0,191.0,70.5,210.0
32.95,7.0,99.0,299.0,141.0,262.0,72.0,335.0
169.0,8.0,99.0,1682.0,378.0,582.0,87.0,2590.0
59.95,6.0,99.0,454.0,282.0,480.0,61.0,991.0
599.0,18.0,99.0,5129.0,480.0,523.0,218.0,7270.0
169.0,9.0,99.0,1176.0,378.0,582.0,87.0,1850.0
24.95,5.0,99.0,190.0,191.0,262.0,61.0,370.0
94.95,8.0,99.0,703.0,378.0,354.0,70.5,1070.0
46.95,6.0,99.0,181.0,191.0,262.0,61.0,340.0
54.95,2.0,99.0,71.0,282.0,480.0,91.0,1440.0
4.95,6.0,99.0,83.0,262.0,317.0,70.5,600.0
11.95,7.0,99.0,163.0,141.0,157.0,61.0,170.0
32.95,8.0,99.0,252.0,191.0,262.0,61.0,430.0
11.95,6.0,99.0,95.0,141.0,191.0,46.0,150.0
59.95,4.0,99.0,187.0,262.0,382.0,56.5,675.0
46.95,6.0,99.0,320.0,262.0,382.0,70.5,401.0
149.0,2.0,99.0,142.0,480.0,582.0,124.0,3210.0
199.0,7.0,12.0,843.0,282.0,540.0,91.0,1380.0
26.95,4.0,99.0,88.0,141.0,262.0,61.0,257.0
74.95,8.0,99.0,747.0,282.0,540.0,59.0,940.0
74.95,6.0,99.0,668.0,282.0,540.0,78.5,1370.0
54.95,9.0,99.0,755.0,262.0,382.0,56.5,865.0
149.0,9.0,99.0,1262.0,378.0,480.0,94.0,2030.0
139.0,16.0,99.0,960.0,282.0,480.0,74.0,1070.0
11.95,5.0,99.0,95.0,141.0,157.0,61.0,150.0
59.95,8.0,99.0,345.0,262.0,282.0,59.0,552.0
11.95,6.0,99.0,94.0,141.0,191.0,46.0,180.0
54.95,2.0,99.0,40.0,282.0,480.0,91.0,909.0
26.95,8.0,99.0,272.0,191.0,262.0,61.0,392.0
74.95,2.0,5.0,59.0,378.0,480.0,94.0,1480.0
26.95,7.0,99.0,348.0,262.0,317.0,70.5,600.0
119.0,12.0,99.0,1348.0,378.0,480.0,94.0,2030.0
54.95,8.0,99.0,491.0,262.0,382.0,56.5,722.0
4.95,6.0,99.0,95.0,262.0,317.0,70.5,600.0
46.95,8.0,99.0,387.0,222.0,262.0,76.0,520.0
24.95,8.0,99.0,258.0,191.0,262.0,61.0,410.0
26.95,6.0,99.0,175.0,205.0,191.0,61.0,285.0
11.95,5.0,99.0,70.0,141.0,157.0,45.0,123.0
79.95,8.0,99.0,695.0,282.0,480.0,61.0,1110.0
11.95,6.0,99.0,57.0,195.0,210.0,45.0,90.0
84.95,18.0,99.0,665.0,262.0,282.0,76.0,710.0
11.95,2.0,99.0,11.0,141.0,191.0,70.5,187.0
26.95,8.0,99.0,193.0,191.0,262.0,61.0,407.0
269.0,18.0,99.0,2314.0,582.0,378.0,103.0,2750.0
99.0,9.0,99.0,878.0,282.0,540.0,59.0,1340.0
79.95,9.0,99.0,625.0,262.0,382.0,70.5,790.0
24.95,4.0,99.0,85.0,191.0,262.0,46.0,326.0
109.0,8.0,99.0,851.0,282.0,480.0,74.0,1210.0
69.95,18.0,99.0,771.0,262.0,382.0,56.5,665.0
69.95,6.0,99.0,500.0,282.0,540.0,59.0,980.0
36.95,6.0,99.0,346.0,191.0,354.0,59.0,585.0
189.0,18.0,99.0,1508.0,480.0,282.0,91.0,1630.0
11.95,6.0,99.0,56.0,195.0,210.0,45.0,90.0
36.95,4.0,99.0,134.0,191.0,262.0,61.0,425.0
59.95,9.0,99.0,593.0,262.0,282.0,76.0,735.0
32.95,4.0,99.0,54.0,141.0,262.0,48.0,225.0
26.95,6.0,99.0,105.0,141.0,191.0,46.0,125.0
24.95,1.5,99.0,80.0,262.0,282.0,118.0,795.0
11.95,4.0,99.0,58.0,141.0,157.0,45.0,116.0
11.95,6.0,99.0,72.0,195.0,210.0,45.0,95.0
39.95,8.0,99.0,392.0,191.0,354.0,70.0,524.0
229.0,18.0,99.0,2354.0,480.0,582.0,91.0,3230.0
109.0,18.0,99.0,1222.0,382.0,262.0,94.0,1210.0
11.95,6.0,99.0,113.0,141.0,191.0,46.0,150.0
329.0,18.0,99.0,3955.0,480.0,582.0,170.0,5410.0
119.0,18.0,99.0,807.0,262.0,382.0,70.5,930.0
54.95,1.5,99.0,43.0,180.0,370.0,180.0,1020.0
24.95,1.5,99.0,19.0,191.0,354.0,91.0,535.0
99.0,6.0,99.0,688.0,354.0,378.0,94.0,1390.0
11.95,7.0,99.0,145.0,141.0,191.0,46.0,210.0
11.95,6.0,99.0,144.0,141.0,191.0,46.0,199.0
54.95,4.0,99.0,161.0,262.0,282.0,59.0,490.0
26.95,7.0,99.0,247.0,141.0,262.0,91.0,400.0
4.95,8.0,99.0,78.0,262.0,317.0,70.5,600.0
24.95,5.0,12.0,20.0,262.0,317.0,70.5,600.0
179.0,9.0,99.0,1022.0,378.0,582.0,87.0,2060.0
24.95,4.0,99.0,213.0,262.0,285.0,64.0,853.0
59.95,7.0,99.0,348.0,262.0,317.0,70.5,600.0
59.95,23.0,99.0,649.0,191.0,262.0,72.0,570.0
11.95,2.0,99.0,5.0,141.0,157.0,61.0,124.0
59.95,8.0,99.0,490.0,222.0,262.0,124.0,864.0
54.95,2.0,99.0,75.0,282.0,540.0,91.0,1160.0
11.95,2.0,99.0,10.0,141.0,191.0,91.0,223.0
11.95,4.0,99.0,48.0,141.0,191.0,46.0,115.0
74.95,6.0,99.0,706.0,282.0,540.0,78.5,1370.0
99.0,9.0,99.0,980.0,282.0,540.0,78.5,1550.0
54.95,8.0,99.0,349.0,282.0,262.0,59.0,555.0
26.95,7.0,99.0,348.0,262.0,317.0,70.5,600.0
24.95,5.0,99.0,112.0,191.0,262.0,61.0,420.0
24.95,5.0,99.0,200.0,191.0,262.0,61.0,365.0
11.95,4.0,99.0,64.0,141.0,157.0,61.0,160.0
46.95,4.0,99.0,149.0,222.0,262.0,76.0,547.0
69.95,5.0,99.0,1000.0,282.0,480.0,91.0,1750.0
24.95,2.0,5.0,23.0,262.0,282.0,95.5,661.0
54.95,6.0,99.0,462.0,282.0,480.0,61.0,960.0
59.95,7.0,99.0,254.0,262.0,282.0,59.0,438.0
46.95,8.0,99.0,357.0,222.0,262.0,76.0,524.0
89.95,8.0,99.0,605.0,282.0,480.0,61.0,1220.0
24.95,2.0,99.0,16.0,262.0,282.0,76.0,401.0
54.95,2.0,99.0,37.0,262.0,382.0,94.0,664.0
209.0,18.0,99.0,2099.0,582.0,378.0,118.0,3530.0
269.0,18.0,99.0,2708.0,582.0,480.0,124.0,3330.0
54.95,8.0,99.0,479.0,262.0,382.0,56.5,580.0
84.95,18.0,99.0,766.0,354.0,191.0,118.0,960.0
46.95,4.0,99.0,137.0,191.0,262.0,61.0,420.0
119.0,18.0,99.0,1197.0,282.0,480.0,74.0,1300.0
169.0,14.0,99.0,1901.0,378.0,582.0,87.0,2300.0
42.95,6.0,99.0,117.0,262.0,282.0,59.0,380.0
10.95,4.0,99.0,1.0,308.0,260.0,3.0,111.0
36.95,7.0,99.0,475.0,191.0,354.0,70.0,580.0
74.95,6.0,99.0,354.0,262.0,317.0,90.0,490.0
24.95,2.0,99.0,23.0,262.0,282.0,95.5,532.0
39.95,8.0,99.0,297.0,61.0,191.0,262.0,366.0
59.95,9.0,99.0,422.0,262.0,382.0,70.5,780.0
119.0,7.0,99.0,915.0,378.0,480.0,94.0,1790.0
109.0,18.0,99.0,590.0,354.0,191.0,91.0,730.0
24.95,7.0,99.0,258.0,191.0,262.0,61.0,465.0
119.0,18.0,99.0,1445.0,282.0,480.0,91.0,1640.0
159.0,18.0,99.0,979.0,480.0,378.0,112.0,1940.0
17.95,7.0,99.0,230.0,141.0,262.0,48.0,312.0
269.0,18.0,99.0,2585.0,480.0,378.0,112.0,2580.0
18.95,6.0,99.0,138.0,191.0,141.0,46.0,150.0
169.0,9.0,99.0,1159.0,378.0,582.0,87.0,1750.0
24.95,2.0,99.0,23.0,191.0,262.0,72.0,341.0
18.95,8.0,99.0,128.0,141.0,191.0,46.0,154.0
46.95,8.0,99.0,304.0,222.0,262.0,76.0,500.0
36.95,6.0,99.0,336.0,191.0,354.0,70.0,511.0
74.95,6.0,99.0,280.0,262.0,317.0,90.0,525.0
46.95,7.0,99.0,243.0,262.0,382.0,70.5,392.0
42.95,5.0,99.0,261.0,191.0,354.0,70.0,556.0
74.95,2.0,99.0,61.0,378.0,480.0,94.0,1390.0
74.95,9.0,99.0,840.0,378.0,354.0,70.5,1050.0
46.95,8.0,99.0,300.0,191.0,354.0,59.0,480.0
54.95,9.0,99.0,581.0,191.0,354.0,70.0,620.0
119.0,2.0,99.0,112.0,480.0,582.0,124.0,2920.0
84.95,18.0,99.0,675.0,354.0,191.0,91.0,780.0
59.95,8.0,99.0,510.0,262.0,382.0,56.5,672.0
54.95,8.0,99.0,564.0,262.0,382.0,70.5,1030.0
46.95,8.0,99.0,340.0,191.0,354.0,59.0,555.0
54.95,6.0,99.0,507.0,282.0,480.0,61.0,795.0
24.95,6.0,99.0,203.0,191.0,262.0,46.0,294.0
69.95,6.0,99.0,540.0,378.0,354.0,94.0,1350.0
54.95,8.0,99.0,556.0,262.0,382.0,56.5,960.0
59.95,8.0,99.0,422.0,262.0,282.0,76.0,680.0
69.95,6.0,99.0,373.0,282.0,480.0,61.0,873.0
26.95,7.0,99.0,121.0,141.0,262.0,48.0,200.0
10.95,4.0,99.0,1.0,308.0,260.0,3.0,110.0
36.95,6.0,99.0,300.0,191.0,354.0,59.0,503.0
11.95,2.0,99.0,10.0,141.0,191.0,61.0,223.0
119.0,8.0,99.0,466.0,282.0,480.0,61.0,1030.0
29.95,8.0,99.0,154.0,191.0,262.0,46.0,311.0
4.95,7.0,99.0,348.0,262.0,317.0,70.5,600.0
11.95,5.0,99.0,59.0,141.0,157.0,45.0,116.0
11.95,7.0,99.0,178.0,141.0,157.0,45.0,143.0
109.0,10.0,99.0,764.0,262.0,382.0,94.0,1120.0
59.95,18.0,99.0,805.0,262.0,382.0,94.0,1210.0
18.95,6.0,99.0,130.0,141.0,191.0,70.5,155.0
119.0,7.0,99.0,816.0,378.0,480.0,94.0,1740.0
54.95,4.0,99.0,154.0,262.0,282.0,59.0,514.0
149.0,18.0,99.0,1254.0,282.0,540.0,91.0,1680.0
24.95,5.0,99.0,194.0,191.0,262.0,61.0,375.0
149.0,8.0,99.0,1216.0,378.0,480.0,94.0,1540.0
79.95,4.0,99.0,154.0,262.0,282.0,59.0,658.0
4.95,5.0,99.0,46.0,195.0,170.0,70.5,600.0
119.0,18.0,99.0,1483.0,262.0,382.0,94.0,1370.0
229.0,18.0,99.0,2923.0,480.0,582.0,124.0,4030.000000000001
119.0,8.0,99.0,624.0,282.0,480.0,74.0,1090.0
54.95,8.0,99.0,427.0,262.0,282.0,76.0,730.0
159.0,7.0,99.0,348.0,262.0,317.0,70.5,600.0
24.95,2.0,99.0,27.0,191.0,262.0,72.0,361.0
11.95,6.0,99.0,109.0,141.0,191.0,46.0,139.0
119.0,9.0,99.0,795.0,378.0,480.0,70.5,1430.0
29.95,2.0,5.0,26.0,262.0,382.0,118.0,882.0
149.0,12.0,99.0,693.0,282.0,540.0,78.5,1430.0
46.95,8.0,99.0,275.0,262.0,191.0,61.0,346.0
4.95,7.0,99.0,348.0,262.0,317.0,70.5,600.0
59.95,8.0,99.0,587.0,382.0,262.0,70.5,873.0
459.0,7.0,99.0,348.0,262.0,317.0,70.5,600.0
119.0,6.0,99.0,698.0,378.0,480.0,70.5,1370.0
36.95,6.0,99.0,298.0,262.0,282.0,59.0,405.0
46.95,8.0,99.0,257.0,191.0,354.0,59.0,458.0
59.95,7.0,99.0,306.0,262.0,282.0,76.0,570.0
32.95,7.0,99.0,242.0,191.0,262.0,72.0,426.0
18.95,4.0,99.0,42.0,46.0,141.0,122.0,98.0
11.95,4.0,99.0,53.0,141.0,157.0,45.0,125.0
29.95,8.0,99.0,255.0,191.0,262.0,46.0,305.0
59.95,8.0,99.0,553.0,282.0,262.0,95.5,867.0
11.95,4.0,99.0,57.0,141.0,191.0,46.0,140.0
26.95,4.0,99.0,94.0,141.0,262.0,61.0,324.0
11.95,6.0,99.0,85.0,122.0,141.0,46.0,103.0
29.95,2.0,99.0,25.0,262.0,222.0,76.0,353.0
54.95,4.0,99.0,950.0,262.0,382.0,94.0,1030.0
79.95,8.0,99.0,603.0,262.0,382.0,56.5,760.0
269.0,18.0,99.0,1890.0,378.0,582.0,87.0,2520.0
79.95,6.0,99.0,320.0,262.0,382.0,56.5,532.0
24.95,5.0,12.0,8.0,262.0,317.0,70.5,600.0
11.95,4.0,99.0,58.0,141.0,157.0,45.0,125.0
139.0,9.0,99.0,1192.0,378.0,480.0,70.5,1840.0
26.95,5.0,99.0,134.0,191.0,205.0,61.0,256.0
18.95,4.0,99.0,53.0,141.0,191.0,46.0,134.0
24.95,5.0,99.0,144.0,222.0,262.0,62.0,360.0
109.0,18.0,99.0,1000.0,262.0,382.0,94.0,1090.0
11.95,7.0,99.0,143.0,141.0,157.0,71.0,188.0
11.95,7.0,99.0,72.0,122.0,141.0,46.0,103.0
52.95,4.0,99.0,200.0,191.0,354.0,70.0,560.0
24.95,4.0,99.0,333.0,191.0,262.0,72.0,438.0
199.0,18.0,99.0,2164.0,378.0,480.0,112.0,2410.0
54.95,7.0,99.0,344.0,262.0,382.0,70.5,775.0
11.95,7.0,99.0,92.0,122.0,141.0,61.0,120.0
4.95,7.0,99.0,348.0,262.0,317.0,70.5,600.0
74.95,18.0,99.0,827.0,191.0,262.0,118.0,689.0
17.95,7.0,99.0,175.0,141.0,262.0,48.0,240.0
11.95,4.0,99.0,140.0,141.0,191.0,46.0,141.0
26.95,5.0,99.0,125.0,191.0,205.0,61.0,245.0
179.0,8.0,99.0,1066.0,378.0,480.0,70.5,1840.0
149.0,2.0,99.0,95.0,378.0,582.0,118.0,2170.0
169.0,18.0,99.0,1998.0,380.0,322.0,210.0,3070.0
54.95,9.0,99.0,560.0,59.0,282.0,262.0,486.0
29.95,6.0,99.0,231.0,262.0,382.0,70.5,391.0
109.0,7.0,99.0,496.0,262.0,382.0,56.5,660.0
59.95,7.0,99.0,226.0,282.0,480.0,61.0,630.0
11.95,5.0,99.0,86.0,141.0,157.0,61.0,151.0
199.0,18.0,99.0,1808.0,390.0,620.0,120.0,2830.0
109.0,9.0,99.0,777.0,282.0,480.0,61.0,1020.0
46.95,9.0,99.0,349.0,262.0,191.0,61.0,448.0
54.95,6.0,99.0,401.0,262.0,382.0,56.5,656.0
229.0,6.0,99.0,1517.0,118.0,582.0,378.0,3030.0
26.95,6.0,99.0,119.0,141.0,191.0,46.0,125.0
54.95,8.0,99.0,569.0,262.0,382.0,56.5,880.0
84.95,18.0,99.0,565.0,354.0,191.0,91.0,750.0
11.95,6.0,99.0,94.0,122.0,141.0,61.0,130.0
99.0,9.0,99.0,794.0,378.0,354.0,70.5,1090.0
119.0,9.0,99.0,990.0,378.0,480.0,70.5,1360.0
24.95,5.0,99.0,122.0,262.0,191.0,61.0,370.0
54.95,2.0,99.0,67.0,282.0,480.0,91.0,1090.0
11.95,7.0,99.0,65.0,122.0,141.0,46.0,110.0
69.95,8.0,99.0,808.0,262.0,382.0,70.5,1140.0
119.0,8.0,99.0,985.0,378.0,480.0,94.0,1830.0
17.95,5.0,99.0,144.0,141.0,262.0,72.0,279.0
42.95,2.0,99.0,37.0,262.0,282.0,95.5,585.0
24.95,5.0,99.0,333.0,191.0,262.0,72.0,462.0
139.0,18.0,99.0,1212.0,378.0,480.0,70.5,1710.0
139.0,18.0,99.0,1606.0,262.0,317.0,70.5,600.0
11.95,6.0,99.0,157.0,141.0,157.0,71.0,177.0
54.95,7.0,99.0,304.0,262.0,382.0,56.5,620.0
36.95,6.0,99.0,278.0,262.0,282.0,59.0,405.0
139.0,18.0,99.0,4167.0,378.0,404.0,50.0,1750.0
42.95,2.0,99.0,50.0,94.0,382.0,262.0,758.0
149.0,18.0,99.0,2022.0,262.0,382.0,118.0,1770.0
299.0,18.0,99.0,2651.0,262.0,317.0,70.5,600.0
169.0,7.0,99.0,598.0,378.0,582.0,87.0,1470.0
52.95,8.0,99.0,600.0,282.0,262.0,95.0,910.0
54.95,5.0,99.0,900.0,262.0,382.0,94.0,1140.0
4.95,6.0,99.0,59.0,262.0,317.0,70.5,600.0
169.0,18.0,99.0,1379.0,282.0,480.0,118.0,1910.0
24.95,6.0,99.0,204.0,191.0,205.0,61.0,306.0
11.95,6.0,99.0,125.0,141.0,191.0,46.0,148.0
99.0,9.0,99.0,512.0,262.0,382.0,70.5,810.0
18.95,6.0,99.0,113.0,191.0,141.0,46.0,150.0
99.0,8.0,99.0,832.0,354.0,378.0,70.5,1420.0
99.0,8.0,99.0,830.0,282.0,540.0,78.5,1320.0
139.0,18.0,99.0,749.0,262.0,382.0,94.0,1300.0
64.95,9.0,99.0,572.0,61.0,480.0,282.0,628.0
26.95,8.0,99.0,254.0,191.0,262.0,61.0,435.0
11.95,2.0,99.0,16.0,191.0,205.0,73.0,252.0
119.0,9.0,99.0,887.0,78.5,540.0,282.0,1200.0
24.95,5.0,99.0,333.0,191.0,262.0,72.0,457.0
46.95,7.0,99.0,264.0,191.0,262.0,61.0,374.0
9.95,5.0,99.0,14.0,122.0,91.0,47.0,50.0
46.95,7.0,99.0,218.0,191.0,262.0,61.0,299.0
169.0,18.0,99.0,1545.0,378.0,582.0,87.0,2270.0
79.95,8.0,99.0,555.0,262.0,382.0,70.5,641.0
79.95,8.0,99.0,844.0,282.0,480.0,61.0,1110.0
46.95,4.0,99.0,87.0,191.0,205.0,61.0,230.0
9.95,5.0,99.0,15.0,122.0,91.0,47.0,40.0
79.95,8.0,99.0,757.0,282.0,540.0,78.5,1370.0
11.95,5.0,99.0,94.0,141.0,157.0,45.0,135.0
54.95,6.0,99.0,479.0,282.0,480.0,61.0,867.0
11.95,5.0,99.0,93.0,122.0,141.0,61.0,142.0
119.0,10.0,99.0,1108.0,378.0,480.0,70.5,1580.0
109.0,8.0,99.0,654.0,378.0,354.0,70.5,1030.0
11.95,4.0,99.0,60.0,141.0,157.0,61.0,155.0
36.95,6.0,99.0,446.0,191.0,354.0,70.0,600.0
46.95,9.0,99.0,305.0,262.0,191.0,61.0,420.0
52.95,6.0,99.0,300.0,262.0,282.0,76.0,580.0
52.95,4.0,99.0,124.0,191.0,262.0,46.0,330.0
32.95,8.0,99.0,179.0,141.0,262.0,48.0,218.0
299.0,18.0,99.0,2532.0,480.0,582.0,124.0,3530.0
11.95,4.0,99.0,61.0,122.0,141.0,61.0,134.0
84.95,7.0,99.0,540.0,262.0,382.0,70.5,660.0
24.95,2.0,99.0,34.0,191.0,262.0,118.0,511.0
42.95,6.0,99.0,296.0,262.0,282.0,59.0,580.0
11.95,4.0,99.0,63.0,141.0,191.0,46.0,161.0
249.0,12.0,99.0,2129.0,480.0,582.0,91.0,3230.0
54.95,6.0,99.0,431.0,282.0,480.0,61.0,882.0
59.95,7.0,99.0,388.0,222.0,262.0,76.0,560.0
11.95,6.0,99.0,90.0,122.0,141.0,61.0,122.0
24.95,6.0,99.0,259.0,191.0,262.0,61.0,359.0
54.95,1.5,99.0,22.0,262.0,282.0,95.5,506.0
54.95,5.0,99.0,1100.0,282.0,480.0,74.0,1300.0
109.0,16.0,99.0,1070.0,262.0,382.0,94.0,1320.0
36.95,6.0,99.0,486.0,225.0,230.0,50.0,262.0
36.95,6.0,99.0,204.0,191.0,262.0,46.0,319.0
64.95,6.0,99.0,1022.0,282.0,262.0,76.0,788.0
46.95,8.0,99.0,330.0,191.0,262.0,61.0,370.0
24.95,6.0,99.0,203.0,191.0,205.0,61.0,319.0
39.95,8.0,99.0,238.0,61.0,191.0,262.0,293.0
9.95,5.0,99.0,10.0,122.0,91.0,47.0,43.0
59.95,8.0,99.0,355.0,262.0,282.0,76.0,630.0
219.0,18.0,99.0,3128.0,480.0,582.0,124.0,3530.0
46.95,6.0,99.0,259.0,191.0,262.0,61.0,325.0
111.2,18.0,99.0,974.0,282.0,480.0,91.0,1420.0
11.95,5.0,99.0,89.0,141.0,122.0,46.0,108.0
119.0,6.0,99.0,505.0,354.0,378.0,70.5,1110.0
32.95,7.0,99.0,174.0,141.0,262.0,61.0,224.0
99.0,3.0,99.0,126.0,378.0,582.0,118.0,2310.0
84.95,9.0,99.0,780.0,282.0,540.0,78.5,1080.0
99.0,9.0,99.0,528.0,282.0,480.0,61.0,917.0
59.95,7.0,99.0,348.0,262.0,382.0,56.5,583.0
46.95,9.0,99.0,313.0,262.0,191.0,61.0,430.0
99.0,7.0,99.0,385.0,378.0,480.0,70.5,1050.0
16.95,8.0,99.0,288.0,122.0,141.0,91.0,236.0
54.95,4.0,99.0,187.0,262.0,282.0,59.0,672.0
139.0,7.0,99.0,348.0,262.0,317.0,70.5,600.0
159.0,9.0,99.0,1459.0,378.0,480.0,70.5,2150.0
79.95,7.0,99.0,853.0,282.0,540.0,78.5,1400.0
279.0,11.0,99.0,2193.0,480.0,582.0,124.0,4080.0
32.95,6.0,99.0,105.0,141.0,262.0,48.0,177.0
11.95,1.5,99.0,5.0,141.0,191.0,70.5,158.0
11.95,1.5,99.0,11.0,191.0,205.0,92.0,283.0
39.95,8.0,99.0,271.0,262.0,191.0,61.0,370.0
129.0,7.0,99.0,348.0,262.0,317.0,70.5,600.0
39.95,6.0,99.0,229.0,191.0,262.0,61.0,295.0
11.95,4.0,99.0,58.0,141.0,157.0,45.0,130.0
139.0,10.0,99.0,1003.0,378.0,480.0,70.5,1340.0
24.95,6.0,99.0,531.0,225.0,280.0,50.0,410.0
4.95,7.0,99.0,348.0,262.0,317.0,70.5,600.0
66.95,4.0,99.0,144.0,262.0,282.0,59.0,485.0
46.95,8.0,99.0,369.0,262.0,222.0,62.0,440.0
11.95,7.0,99.0,67.0,122.0,141.0,46.0,92.0
159.0,9.0,99.0,658.0,378.0,480.0,70.5,1560.0
69.95,18.0,99.0,688.0,262.0,382.0,70.5,985.0
11.95,7.0,99.0,106.0,122.0,141.0,46.0,95.0
5.95,7.0,99.0,348.0,262.0,317.0,70.5,600.0
36.95,6.0,99.0,246.0,262.0,282.0,59.0,427.0
6.95,7.0,99.0,52.0,125.5,110.0,35.0,60.0
109.0,18.0,99.0,1326.0,262.0,382.0,94.0,1500.0
54.95,6.0,99.0,1154.0,262.0,282.0,76.0,488.0
11.95,5.0,99.0,74.0,122.0,141.0,46.0,95.0
11.95,5.0,99.0,53.0,122.0,141.0,46.0,95.0
54.95,4.0,99.0,185.0,262.0,282.0,59.0,572.0
119.0,7.0,99.0,348.0,262.0,317.0,70.5,600.0
46.95,7.0,99.0,1.0,191.0,354.0,59.0,643.0
54.95,4.0,99.0,157.0,262.0,382.0,56.5,588.0
32.95,7.0,99.0,348.0,262.0,317.0,70.5,600.0
54.95,5.0,99.0,176.0,191.0,354.0,59.0,413.0
52.95,7.0,99.0,484.0,191.0,354.0,70.0,485.0
109.0,7.0,99.0,348.0,262.0,317.0,70.5,600.0
119.0,7.0,99.0,348.0,262.0,317.0,70.5,600.0
119.0,9.0,99.0,732.0,282.0,480.0,74.0,1310.0
26.95,4.0,99.0,88.0,191.0,262.0,61.0,340.0
4.95,7.0,99.0,348.0,262.0,317.0,70.5,600.0
9.95,5.0,99.0,12.0,122.0,91.0,47.0,45.0
32.95,7.0,99.0,348.0,262.0,317.0,70.5,600.0
24.95,6.0,99.0,518.0,191.0,262.0,61.0,281.0
34.95,6.0,99.0,154.0,141.0,262.0,61.0,232.0
4.95,6.0,99.0,55.0,262.0,317.0,70.5,600.0
37.95,7.0,99.0,217.0,191.0,262.0,61.0,280.0
79.95,6.0,99.0,366.0,262.0,382.0,70.5,625.0
26.95,5.0,99.0,111.0,191.0,205.0,61.0,245.0
24.95,1.5,99.0,14.0,191.0,354.0,91.0,447.0
4.95,5.0,99.0,8.0,150.0,95.0,6.5,10.0
84.95,7.0,99.0,494.0,378.0,354.0,70.5,790.0
26.95,4.0,99.0,100.0,191.0,262.0,46.0,300.0
59.95,7.0,99.0,545.0,282.0,480.0,74.0,944.0
86.95,6.0,99.0,605.0,282.0,480.0,61.0,1020.0
4.95,7.0,99.0,348.0,262.0,317.0,70.5,600.0
49.95,8.0,99.0,943.0,262.0,382.0,56.5,590.0
54.95,7.0,99.0,430.0,282.0,480.0,61.0,753.0
49.95,7.0,99.0,261.0,191.0,262.0,46.0,277.0
54.95,9.0,99.0,381.0,262.0,222.0,62.0,440.0
26.95,6.0,99.0,180.0,141.0,262.0,61.0,275.0
18.95,6.0,99.0,130.0,141.0,191.0,70.5,161.0
59.95,7.0,99.0,348.0,262.0,317.0,70.5,600.0
54.95,8.0,99.0,371.0,262.0,282.0,76.0,600.0
27.95,4.0,99.0,87.0,141.0,191.0,46.0,170.0
46.95,8.0,99.0,327.0,262.0,191.0,61.0,357.0
18.95,8.0,99.0,234.0,262.0,100.0,57.0,95.0
59.95,6.0,99.0,592.0,282.0,480.0,61.0,833.0
9.95,5.0,99.0,11.0,122.0,91.0,47.0,45.0
64.95,7.0,99.0,348.0,262.0,317.0,70.5,600.0
59.95,7.0,99.0,451.0,282.0,480.0,61.0,844.0
29.95,7.0,99.0,348.0,262.0,317.0,70.5,600.0
74.95,6.0,99.0,588.0,262.0,382.0,56.5,665.0
36.95,6.0,99.0,349.0,225.0,230.0,50.0,244.0
179.0,7.0,99.0,348.0,262.0,317.0,70.5,600.0
39.95,8.0,99.0,257.0,262.0,191.0,61.0,360.0
39.95,7.0,99.0,265.0,191.0,262.0,61.0,370.0
39.95,7.0,99.0,264.0,191.0,354.0,59.0,460.0
12.95,6.0,99.0,56.0,210.0,157.0,52.0,108.0
9.95,5.0,99.0,10.0,122.0,91.0,47.0,40.0
39.95,7.0,99.0,348.0,262.0,317.0,70.5,600.0
22.95,7.0,99.0,348.0,262.0,317.0,70.5,600.0
39.95,6.0,99.0,288.0,191.0,354.0,59.0,477.0
4.95,9.0,99.0,348.0,262.0,317.0,70.5,600.0
11.95,6.0,99.0,76.0,141.0,157.0,45.0,100.0
4.95,7.0,99.0,348.0,262.0,317.0,70.5,600.0
44.95,7.0,99.0,348.0,262.0,317.0,70.5,600.0
49.95,6.0,99.0,380.0,262.0,382.0,56.5,668.0
11.95,7.0,99.0,133.0,122.0,141.0,46.0,100.0
12.95,6.0,99.0,18.0,91.0,122.0,47.0,40.0
25.95,5.0,99.0,154.0,191.0,262.0,61.0,382.0
4.95,7.0,99.0,348.0,262.0,317.0,70.5,600.0
54.95,8.0,99.0,856.0,262.0,382.0,56.5,505.0
4.95,6.0,99.0,118.0,150.0,95.0,6.5,16.0
24.95,7.0,99.0,348.0,262.0,317.0,70.5,600.0
5.95,7.0,99.0,348.0,262.0,317.0,70.5,600.0
5.95,7.0,99.0,348.0,262.0,317.0,70.5,600.0
29.95,6.0,99.0,312.0,70.5,382.0,262.0,490.0
11.95,4.0,99.0,54.0,122.0,141.0,46.0,109.0
139.0,7.0,99.0,348.0,262.0,317.0,70.5,600.0
4.95,7.0,99.0,348.0,262.0,317.0,70.5,600.0
32.95,6.0,99.0,179.0,191.0,262.0,46.0,214.0
5.95,6.0,99.0,115.0,150.0,95.0,6.5,15.0
36.95,6.0,99.0,388.0,225.0,230.0,50.0,258.0
11.95,4.0,99.0,59.0,141.0,191.0,46.0,140.0
25.0,7.0,99.0,267.0,191.0,262.0,61.0,280.0
7.95,8.0,99.0,95.0,128.0,92.0,28.0,40.0
3.0,6.0,99.0,107.0,150.0,95.0,6.5,20.0
17.95,7.0,99.0,160.0,141.0,262.0,61.0,285.0
9.95,7.0,99.0,348.0,262.0,317.0,70.5,600.0
9.95,7.0,99.0,348.0,262.0,317.0,70.5,600.0
4.95,6.0,99.0,115.0,150.0,95.0,6.5,16.0
29.95,6.0,99.0,199.0,191.0,262.0,61.0,303.0
5.95,7.0,99.0,348.0,262.0,317.0,70.5,600.0
4.95,7.0,99.0,348.0,262.0,317.0,70.5,600.0
49.95,7.0,99.0,334.0,70.5,382.0,262.0,409.0
22.95,7.0,99.0,348.0,262.0,317.0,70.5,600.0
22.95,8.0,99.0,244.0,70.5,191.0,141.0,260.0
12.95,7.0,99.0,348.0,262.0,317.0,70.5,600.0
24.95,6.0,99.0,517.0,225.0,280.0,50.0,421.0
109.0,12.0,99.0,1197.0,191.0,354.0,91.0,1080.0
4.95,7.0,99.0,348.0,262.0,317.0,70.5,600.0
29.95,4.0,99.0,90.0,191.0,262.0,61.0,300.0
27.95,7.0,99.0,348.0,262.0,317.0,70.5,600.0
27.95,7.0,99.0,348.0,262.0,317.0,70.5,600.0
15.0,6.0,12.0,500.0,262.0,382.0,71.0,547.0
949.0,16.0,99.0,7541.0,533.0,385.0,460.0,13600.0
32.95,7.0,99.0,348.0,262.0,317.0,70.5,600.0
25.95,7.0,99.0,348.0,262.0,317.0,70.5,600.0
4.0,7.0,99.0,348.0,262.0,317.0,70.5,600.0
49.95,6.0,99.0,268.0,70.5,382.0,262.0,479.0
8.95,8.0,99.0,95.0,128.0,92.0,28.0,40.0
8.95,6.0,99.0,95.0,128.0,92.0,28.0,43.0
9.95,5.0,99.0,14.0,122.0,91.0,47.0,40.0
11.95,6.0,99.0,84.0,141.0,157.0,45.0,100.0
11.95,7.0,99.0,348.0,262.0,317.0,70.5,600.0
12.95,6.0,99.0,100.0,122.0,141.0,61.0,119.0
59.95,8.0,99.0,432.0,262.0,282.0,76.0,590.0
149.0,18.0,99.0,2658.0,378.0,404.0,50.0,1570.0
39.95,7.0,99.0,348.0,262.0,317.0,70.5,600.0
59.95,8.0,99.0,599.0,282.0,480.0,61.0,861.0
11.95,1.5,99.0,8.0,185.0,170.0,125.0,226.0
49.95,7.0,99.0,374.0,191.0,354.0,70.0,440.0
37.95,5.0,99.0,212.0,262.0,282.0,76.0,540.0
12.95,6.0,99.0,41.0,210.0,157.0,52.0,96.0
84.95,6.0,99.0,802.0,282.0,540.0,91.0,1420.0
39.95,5.0,99.0,441.0,222.0,262.0,95.0,551.0
64.5,8.0,99.0,1040.0,378.0,480.0,70.5,1470.0
26.95,6.0,99.0,197.0,191.0,262.0,46.0,266.0
109.0,8.0,99.0,464.0,282.0,540.0,59.0,840.0
64.95,8.0,99.0,468.0,262.0,382.0,70.5,675.0
3.0,6.0,99.0,109.0,262.0,199.0,146.0,15.0
54.95,7.0,99.0,348.0,262.0,317.0,70.5,600.0
11.95,6.0,99.0,11.0,91.0,122.0,47.0,37.0
89.95,8.0,99.0,862.0,282.0,540.0,78.5,964.0
79.95,8.0,99.0,627.0,262.0,382.0,70.5,734.0
12.95,6.0,99.0,59.0,210.0,157.0,52.0,106.0
529.0,16.0,99.0,5511.0,262.0,317.0,70.5,600.0
139.0,9.0,99.0,1047.0,378.0,354.0,94.0,1560.0
299.0,18.0,99.0,3231.0,582.0,480.0,124.0,4260.0
129.0,16.0,99.0,1087.0,282.0,480.0,91.0,1350.0
39.95,7.0,99.0,348.0,262.0,317.0,70.5,600.0
13.95,7.0,99.0,348.0,262.0,317.0,70.5,600.0
13.95,7.0,99.0,348.0,262.0,317.0,70.5,600.0
27.95,7.0,99.0,348.0,262.0,317.0,70.5,600.0
27.95,7.0,99.0,348.0,262.0,317.0,70.5,600.0
39.95,7.0,99.0,348.0,262.0,317.0,70.5,600.0
189.0,7.0,99.0,348.0,262.0,317.0,70.5,600.0
129.0,7.0,99.0,348.0,262.0,317.0,70.5,600.0
49.95,7.0,99.0,348.0,262.0,317.0,70.5,600.0
99.0,7.0,99.0,348.0,262.0,317.0,70.5,600.0
119.0,7.0,99.0,348.0,262.0,317.0,70.5,600.0
69.95,7.0,99.0,348.0,262.0,317.0,70.5,600.0
149.0,7.0,99.0,348.0,262.0,317.0,70.5,600.0
69.95,7.0,99.0,348.0,262.0,317.0,70.5,600.0
64.95,7.0,99.0,348.0,262.0,317.0,70.5,600.0
42.95,7.0,99.0,348.0,262.0,317.0,70.5,600.0
64.95,7.0,99.0,348.0,262.0,317.0,70.5,600.0
169.0,7.0,99.0,348.0,262.0,317.0,70.5,600.0
46.95,7.0,99.0,348.0,262.0,317.0,70.5,600.0
139.0,9.0,99.0,1060.0,378.0,480.0,70.5,1520.0
59.95,2.0,99.0,44.0,282.0,540.0,78.5,986.0
9.95,5.0,99.0,14.0,122.0,91.0,47.0,45.0
69.95,7.0,99.0,348.0,262.0,317.0,70.5,600.0
99.0,7.0,99.0,348.0,262.0,317.0,70.5,600.0
4.95,7.0,99.0,348.0,262.0,317.0,70.5,600.0
24.95,6.0,99.0,722.0,141.0,262.0,48.0,190.0
84.95,7.0,99.0,686.0,282.0,540.0,78.5,1170.0
89.95,8.0,99.0,581.0,282.0,480.0,61.0,997.0
64.95,9.0,99.0,586.0,354.0,191.0,70.0,646.0
79.95,7.0,99.0,536.0,262.0,382.0,70.5,755.0
54.95,7.0,99.0,504.0,191.0,354.0,70.0,545.0
89.95,7.0,99.0,348.0,262.0,317.0,70.5,600.0
64.95,7.0,99.0,348.0,262.0,317.0,70.5,600.0
159.0,7.0,99.0,348.0,262.0,317.0,70.5,600.0
229.0,18.0,99.0,2048.0,378.0,582.0,103.0,2730.0
64.95,7.0,99.0,348.0,262.0,317.0,70.5,600.0
22.95,7.0,99.0,348.0,262.0,317.0,70.5,600.0
8.95,7.0,99.0,348.0,262.0,317.0,70.5,600.0
159.0,7.0,99.0,348.0,262.0,317.0,70.5,600.0
499.0,18.0,99.0,3756.0,480.0,523.0,218.0,5880.0
169.0,7.0,99.0,348.0,262.0,317.0,70.5,600.0
29.95,5.0,99.0,287.0,70.5,382.0,262.0,316.0
169.0,12.0,99.0,1212.0,70.5,480.0,378.0,1600.0
69.95,8.0,99.0,498.0,191.0,354.0,70.0,667.0
54.95,6.0,99.0,669.0,262.0,382.0,56.5,738.0
64.95,6.0,99.0,707.0,262.0,382.0,56.5,561.0
29.95,7.0,99.0,479.0,191.0,262.0,61.0,355.0
139.0,7.0,99.0,348.0,262.0,317.0,70.5,600.0
99.0,7.0,99.0,348.0,262.0,317.0,70.5,600.0
229.0,7.0,99.0,348.0,262.0,317.0,70.5,600.0
279.0,7.0,99.0,348.0,262.0,317.0,70.5,600.0
259.0,7.0,99.0,348.0,262.0,317.0,70.5,600.0
139.0,7.0,99.0,348.0,262.0,317.0,70.5,600.0
129.0,7.0,99.0,348.0,262.0,317.0,70.5,600.0
269.0,18.0,99.0,2339.0,378.0,582.0,118.0,3160.0
109.0,18.0,99.0,602.0,354.0,191.0,91.0,730.0
429.0,14.0,99.0,6163.0,262.0,317.0,70.5,600.0
129.0,18.0,99.0,802.0,262.0,382.0,70.5,980.0
149.0,7.0,99.0,348.0,262.0,317.0,70.5,600.0
299.0,18.0,99.0,1953.0,378.0,582.0,87.0,2790.0
419.0,18.0,99.0,2961.0,483.0,378.0,257.0,5790.0
799.0,18.0,99.0,6187.0,480.0,523.0,238.0,8039.999999999999
16.95,8.0,99.0,298.0,122.0,141.0,91.0,233.0
7.95,8.0,99.0,37.0,274.0,78.0,35.0,41.0
7.95,6.0,99.0,37.0,274.0,78.0,35.0,41.0
29.95,6.0,99.0,643.0,191.0,262.0,72.0,446.0
54.95,7.0,99.0,348.0,262.0,317.0,70.5,600.0
119.0,10.0,99.0,761.0,282.0,540.0,78.5,1160.0
189.0,7.0,99.0,348.0,262.0,317.0,70.5,600.0
179.0,18.0,99.0,1677.0,282.0,480.0,118.0,1950.0
64.95,7.0,99.0,348.0,262.0,317.0,70.5,600.0
229.0,7.0,99.0,348.0,262.0,317.0,70.5,600.0
32.95,7.0,99.0,348.0,262.0,317.0,70.5,600.0
36.95,7.0,99.0,348.0,262.0,317.0,70.5,600.0
89.95,7.0,99.0,348.0,262.0,317.0,70.5,600.0
59.95,7.0,99.0,348.0,262.0,317.0,70.5,600.0
119.0,7.0,99.0,348.0,262.0,317.0,70.5,600.0
24.95,7.0,99.0,348.0,262.0,317.0,70.5,600.0
24.95,6.0,99.0,1040.0,141.0,262.0,48.0,204.0
4.95,6.0,99.0,120.0,150.0,95.0,6.5,15.0
119.0,18.0,99.0,731.0,112.0,322.0,197.0,1220.0
119.0,8.0,99.0,527.0,282.0,540.0,59.0,1050.0
27.95,7.0,99.0,348.0,262.0,317.0,70.5,600.0
29.95,7.0,99.0,348.0,262.0,317.0,70.5,600.0
4.95,6.0,99.0,76.0,262.0,317.0,70.5,600.0
4.95,5.0,99.0,33.0,262.0,317.0,70.5,600.0
59.95,8.0,99.0,632.0,282.0,480.0,61.0,920.0
24.95,4.0,99.0,106.0,191.0,262.0,61.0,310.0
12.95,6.0,99.0,92.0,122.0,141.0,46.0,103.0
129.0,6.0,99.0,897.0,378.0,480.0,70.5,1540.0
129.0,6.0,99.0,743.0,378.0,480.0,94.0,1840.0
16.0,7.0,99.0,348.0,262.0,317.0,70.5,600.0
24.95,7.0,99.0,348.0,262.0,317.0,70.5,600.0
5.95,4.0,99.0,52.0,91.0,122.0,58.5,70.0
12.95,7.0,99.0,348.0,262.0,317.0,70.5,600.0
12.95,6.0,99.0,58.0,210.0,157.0,52.0,103.0
12.95,6.0,99.0,13.0,91.0,122.0,47.0,36.0
4.95,7.0,99.0,348.0,262.0,317.0,70.5,600.0
24.95,5.0,99.0,117.0,262.0,191.0,61.0,349.0
24.95,6.0,99.0,438.0,225.0,280.0,50.0,378.0
32.95,7.0,99.0,348.0,262.0,317.0,70.5,600.0
24.95,4.0,99.0,111.0,191.0,262.0,61.0,364.0
13.95,7.0,99.0,348.0,262.0,317.0,70.5,600.0
12.95,6.0,99.0,60.0,210.0,157.0,52.0,104.0
36.95,5.0,99.0,170.0,262.0,282.0,59.0,460.0
159.0,7.0,99.0,348.0,262.0,317.0,70.5,600.0
36.95,7.0,99.0,348.0,262.0,317.0,70.5,600.0
9.95,5.0,99.0,10.0,122.0,91.0,47.0,43.0
169.0,7.0,99.0,348.0,262.0,317.0,70.5,600.0
9.95,5.0,99.0,14.0,122.0,91.0,47.0,40.0
24.95,6.0,99.0,223.0,191.0,262.0,46.0,276.0
59.95,7.0,99.0,348.0,262.0,317.0,70.5,600.0
26.95,7.0,99.0,160.0,141.0,262.0,61.0,199.0
4.95,5.0,99.0,8.0,150.0,95.0,6.5,12.0
76.95,6.0,99.0,420.0,282.0,540.0,59.0,960.0
79.95,7.0,99.0,567.0,282.0,480.0,61.0,720.0
4.95,5.0,99.0,8.0,6.5,95.0,150.0,13.0
74.95,8.0,99.0,564.0,262.0,382.0,70.5,690.0
189.0,7.0,99.0,348.0,262.0,317.0,70.5,600.0
189.0,10.0,99.0,1673.0,378.0,480.0,94.0,2000.0
99.0,7.0,99.0,348.0,262.0,317.0,70.5,600.0
99.0,18.0,99.0,1125.0,262.0,382.0,70.5,1000.0
99.0,2.0,99.0,124.0,378.0,480.0,112.0,1740.0
89.95,7.0,99.0,493.0,262.0,382.0,56.5,622.0
59.95,4.0,99.0,215.0,262.0,382.0,56.5,669.0
149.0,18.0,99.0,1367.0,354.0,378.0,94.0,1900.0
72.0,8.0,99.0,1152.0,378.0,480.0,94.0,1520.0
249.0,18.0,99.0,2363.0,480.0,582.0,124.0,3800.0
149.0,18.0,99.0,4249.0,378.0,404.0,50.0,1790.0
169.0,7.0,99.0,348.0,262.0,317.0,70.5,600.0
119.0,7.0,99.0,766.0,378.0,480.0,94.0,1780.0
129.0,7.0,99.0,348.0,262.0,317.0,70.5,600.0
39.95,6.0,99.0,231.0,262.0,191.0,61.0,320.0
84.95,18.0,99.0,2870.0,380.0,270.0,74.0,1320.0
54.95,1.5,99.0,20.0,262.0,382.0,94.0,721.0
69.95,7.0,99.0,642.0,282.0,480.0,61.0,1090.0
89.95,8.0,99.0,971.0,378.0,480.0,94.0,1650.0
99.0,7.0,99.0,717.0,282.0,540.0,78.5,1390.0
99.0,8.0,99.0,681.0,282.0,480.0,61.0,945.0
9.95,5.0,99.0,13.0,122.0,91.0,47.0,45.0
26.95,7.0,99.0,159.0,141.0,262.0,48.0,174.0
5.95,5.0,99.0,16.0,262.0,317.0,70.5,600.0
24.95,6.0,99.0,179.0,191.0,205.0,61.0,293.0
46.95,6.0,99.0,246.0,191.0,262.0,61.0,313.0
36.95,1.5,99.0,40.0,262.0,382.0,94.0,798.0
46.95,8.0,99.0,310.0,262.0,191.0,61.0,345.0
169.0,7.0,99.0,1010.0,378.0,582.0,87.0,2110.0
329.0,18.0,99.0,11695.0,384.0,552.0,152.0,5530.0
99.0,5.0,99.0,365.0,354.0,378.0,70.5,846.0
74.95,2.0,99.0,41.0,378.0,354.0,94.0,871.0
46.95,8.0,99.0,259.0,191.0,262.0,46.0,287.0
64.95,9.0,99.0,641.0,262.0,382.0,70.5,850.0
4.95,1.5,99.0,9.0,262.0,317.0,70.5,600.0
109.0,8.0,99.0,877.0,282.0,540.0,78.5,969.0
189.0,12.0,99.0,348.0,262.0,317.0,70.5,600.0
29.95,4.0,99.0,87.0,191.0,205.0,61.0,240.0
11.95,6.0,99.0,137.0,141.0,191.0,46.0,165.0
79.95,8.0,99.0,534.0,262.0,382.0,70.5,935.0
46.95,6.0,99.0,140.0,225.0,280.0,52.0,364.0
4.95,7.0,99.0,348.0,262.0,317.0,70.5,600.0
99.0,18.0,99.0,608.0,262.0,282.0,76.0,750.0
229.0,18.0,99.0,2064.0,378.0,582.0,103.0,2740.0
389.0,14.0,99.0,5686.0,582.0,480.0,170.0,5880.0
42.95,4.0,99.0,500.0,222.0,262.0,95.0,589.0
54.95,2.0,99.0,59.0,378.0,94.0,354.0,870.0
18.95,6.0,99.0,98.0,191.0,141.0,46.0,120.0
119.0,8.0,99.0,1321.0,378.0,480.0,94.0,1480.0
24.95,4.0,99.0,84.0,191.0,262.0,61.0,307.0
46.95,4.0,99.0,108.0,191.0,262.0,61.0,361.0
119.0,8.0,99.0,1154.0,378.0,582.0,87.0,1980.0
59.95,6.0,99.0,587.0,262.0,382.0,70.5,875.0
269.0,18.0,99.0,3066.0,480.0,582.0,124.0,3470.0
42.95,5.0,99.0,500.0,222.0,262.0,95.0,648.0
11.95,5.0,99.0,59.0,141.0,157.0,61.0,125.0
11.95,6.0,99.0,159.0,141.0,191.0,46.0,190.0
10.95,4.0,99.0,1.0,308.0,260.0,3.0,111.0
69.95,7.0,99.0,617.0,282.0,480.0,74.0,1060.0
46.95,6.0,99.0,321.0,262.0,191.0,61.0,437.0
24.95,5.0,99.0,144.0,191.0,262.0,61.0,344.0
17.95,6.0,99.0,183.0,141.0,262.0,72.0,281.0
24.95,2.0,99.0,31.0,262.0,282.0,118.0,692.0
16.95,7.0,99.0,348.0,262.0,317.0,70.5,600.0
24.95,2.0,99.0,32.0,262.0,282.0,95.5,701.0
32.95,4.0,99.0,66.0,141.0,191.0,46.0,156.0
299.0,18.0,99.0,2049.0,480.0,582.0,124.0,3710.0
26.95,4.0,99.0,103.0,191.0,205.0,73.0,274.0
29.95,5.0,99.0,258.0,262.0,382.0,70.5,390.0
129.0,9.0,99.0,971.0,378.0,480.0,70.5,1440.0
39.95,6.0,99.0,292.0,191.0,354.0,59.0,440.0
49.95,2.0,99.0,19.0,262.0,382.0,94.0,668.0
24.95,6.0,99.0,243.0,191.0,262.0,72.0,427.0
179.0,7.0,99.0,1016.0,378.0,582.0,87.0,1810.0
64.95,7.0,99.0,348.0,262.0,317.0,70.5,600.0
99.0,6.0,99.0,823.0,282.0,540.0,91.0,1540.0
11.95,4.0,99.0,46.0,141.0,157.0,45.0,105.0
59.95,4.0,99.0,140.0,262.0,382.0,56.5,620.0
42.95,2.0,99.0,29.0,262.0,282.0,76.0,512.0
24.95,6.0,99.0,209.0,191.0,205.0,61.0,309.0
399.0,18.0,99.0,3772.0,582.0,480.0,170.0,4920.0
32.95,6.0,99.0,211.0,141.0,262.0,91.0,376.0
169.0,18.0,99.0,1540.0,480.0,378.0,94.0,2260.0
54.95,4.0,99.0,230.0,262.0,382.0,70.5,763.0
11.95,7.0,99.0,154.0,141.0,157.0,61.0,155.0
119.0,8.0,99.0,1157.0,378.0,480.0,70.5,1310.0
24.95,2.0,99.0,15.0,262.0,282.0,95.5,470.0
36.95,5.0,99.0,317.0,262.0,282.0,59.0,568.0
479.0,18.0,99.0,5876.0,480.0,523.0,218.0,6860.0
59.95,8.0,99.0,499.0,222.0,262.0,95.0,755.0
229.0,18.0,99.0,1872.0,282.0,480.0,118.0,2110.0
11.95,7.0,99.0,177.0,141.0,157.0,61.0,190.0
74.95,7.0,99.0,593.0,282.0,480.0,74.0,1100.0
42.95,4.0,99.0,153.0,262.0,282.0,76.0,561.0
4.95,5.0,99.0,348.0,262.0,317.0,70.5,600.0
52.95,6.0,99.0,376.0,222.0,262.0,62.0,460.0
59.95,10.0,99.0,671.0,262.0,382.0,56.5,740.0
439.0,18.0,99.0,3662.0,378.0,582.0,160.0,5770.0
169.0,9.0,99.0,1739.0,378.0,582.0,87.0,2300.0
119.0,9.0,99.0,957.0,282.0,480.0,74.0,1270.0
119.0,8.0,99.0,802.0,282.0,480.0,74.0,1220.0
24.95,5.0,99.0,148.0,191.0,262.0,61.0,335.0
54.95,4.0,99.0,653.0,262.0,282.0,95.5,811.0
18.95,6.0,99.0,138.0,157.0,141.0,45.0,156.0
149.0,18.0,99.0,1074.0,382.0,262.0,118.0,1370.0
749.0,18.0,99.0,10001.0,262.0,317.0,70.5,600.0
219.0,11.0,99.0,2001.0,378.0,582.0,103.0,2660.0
449.0,16.0,99.0,3599.0,375.0,570.0,150.0,589.0
84.95,9.0,99.0,599.0,262.0,382.0,56.5,773.0
54.95,8.0,99.0,438.0,191.0,354.0,59.0,572.0
32.95,8.0,99.0,247.0,141.0,262.0,72.0,292.0
279.0,18.0,99.0,2079.0,378.0,582.0,103.0,2690.0
46.95,9.0,99.0,285.0,262.0,191.0,61.0,410.0
32.95,8.0,99.0,345.0,141.0,262.0,61.0,365.0
32.95,7.0,99.0,220.0,191.0,262.0,46.0,310.0
32.95,9.0,99.0,249.0,141.0,262.0,72.0,281.0
279.0,16.0,99.0,3036.0,582.0,124.0,480.0,3790.0
36.95,6.0,99.0,252.0,191.0,354.0,70.0,505.0
24.95,4.0,99.0,103.0,141.0,262.0,61.0,270.0
94.95,8.0,99.0,1114.0,378.0,480.0,70.5,1680.0
199.0,11.0,99.0,1492.0,378.0,582.0,118.0,2410.0
899.0,18.0,99.0,6785.0,499.0,499.0,379.0,10700.0
32.95,8.0,99.0,298.0,141.0,262.0,61.0,340.0
719.0,18.0,99.0,2883.0,523.0,378.0,257.0,7880.0
489.0,7.0,99.0,348.0,262.0,317.0,70.5,600.0
179.0,9.0,99.0,1351.0,378.0,582.0,87.0,2290.0
459.0,18.0,99.0,3981.0,262.0,317.0,70.5,600.0
