price,Empfohlenes Alter in Jahren (mind.),Anzahl Teile,Verpackungsbreite,Verpackungstiefe,Verpackungsh√∂he,Ursprungsland_ Ungarn ,Ursprungsland_ China ,Ursprungsland_ Tschechische Republik ,LegoCategory_Rare,LegoCategory_LEGO City ,LegoCategory_LEGO Duplo ,LegoCategory_LEGO Star Wars ,LegoCategory_LEGO Super Mario ,LegoCategory_LEGO Friends 
179.0,18.0,2660.0,378.0,480.0,112.0,1,0,0,1,0,0,0,0,0
119.0,18.0,811.0,378.0,354.0,70.5,0,1,0,1,0,0,0,0,0
159.0,10.0,914.0,262.0,382.0,118.0,0,1,0,1,0,0,0,0,0
59.95,9.0,806.0,262.0,382.0,70.5,1,0,0,1,0,0,0,0,0
169.0,7.0,764.0,378.0,582.0,103.0,0,1,0,0,1,0,0,0,0
54.95,1.5,85.0,262.0,370.0,180.0,0,0,1,0,0,1,0,0,0
159.0,9.0,1082.0,378.0,480.0,70.5,0,0,1,0,0,0,1,0,0
46.95,8.0,253.0,191.0,262.0,46.0,0,0,1,0,0,0,1,0,0
39.95,7.0,307.0,222.0,262.0,76.0,0,0,1,1,0,0,0,0,0
59.95,10.0,830.0,262.0,382.0,70.5,1,0,0,1,0,0,0,0,0
179.0,18.0,1458.0,282.0,480.0,118.0,1,0,0,1,0,0,0,0,0
119.0,7.0,913.0,378.0,480.0,94.0,1,0,0,0,1,0,0,0,0
89.95,9.0,601.0,262.0,382.0,70.5,0,0,1,0,0,0,1,0,0
269.0,18.0,2336.0,378.0,582.0,118.0,0,0,1,1,0,0,0,0,0
36.95,7.0,348.0,262.0,317.0,70.5,0,0,1,0,1,0,0,0,0
4.95,5.0,10.0,106.0,94.0,24.0,0,0,1,1,0,0,0,0,0
209.0,18.0,1684.0,378.0,480.0,112.0,1,0,0,1,0,0,0,0,0
24.95,6.0,140.0,191.0,205.0,46.0,0,1,0,1,0,0,0,0,0
59.95,9.0,905.0,262.0,382.0,70.5,1,0,0,1,0,0,0,0,0
36.95,6.0,279.0,191.0,354.0,59.0,0,0,1,1,0,0,0,0,0
589.0,18.0,6167.0,480.0,523.0,218.0,0,0,1,1,0,0,0,0,0
39.95,8.0,403.0,262.0,191.0,72.0,0,0,1,1,0,0,0,0,0
26.95,6.0,108.0,141.0,191.0,46.0,0,0,1,0,0,0,1,0,0
199.0,6.0,1226.0,480.0,582.0,124.0,0,0,1,0,1,0,0,0,0
32.95,9.0,280.0,141.0,262.0,72.0,0,0,1,1,0,0,0,0,0
529.0,16.0,6020.0,490.0,595.0,190.0,0,0,1,1,0,0,0,0,0
119.0,9.0,1056.0,282.0,540.0,59.0,1,0,0,0,0,0,1,0,0
36.95,1.5,65.0,180.0,370.0,180.0,0,0,1,0,0,1,0,0,0
239.0,18.0,1478.0,378.0,582.0,87.0,1,0,0,1,0,0,0,0,0
54.95,8.0,384.0,262.0,282.0,59.0,0,1,0,1,0,0,0,0,0
119.0,9.0,874.0,282.0,540.0,78.5,0,0,1,1,0,0,0,0,0
59.95,10.0,630.0,354.0,191.0,70.0,0,0,1,1,0,0,0,0,0
109.0,10.0,1073.0,382.0,262.0,118.0,0,0,1,0,0,0,1,0,0
59.95,9.0,474.0,262.0,382.0,70.5,0,0,1,0,0,0,1,0,0
84.95,10.0,646.0,262.0,382.0,70.5,0,0,1,1,0,0,0,0,0
179.0,18.0,1456.0,282.0,480.0,118.0,1,0,0,1,0,0,0,0,0
74.95,18.0,939.0,382.0,262.0,56.5,1,0,0,1,0,0,0,0,0
209.0,18.0,1434.0,378.0,582.0,87.0,0,1,0,1,0,0,0,0,0
119.0,18.0,1363.0,282.0,480.0,91.0,1,0,0,1,0,0,0,0,0
109.0,10.0,1132.0,262.0,382.0,118.0,0,1,0,1,0,0,0,0,0
219.0,18.0,2319.0,582.0,378.0,103.0,0,0,1,0,0,0,1,0,0
119.0,14.0,1062.0,378.0,354.0,70.5,1,0,0,0,0,0,1,0,0
36.95,2.0,21.0,262.0,282.0,95.5,0,0,0,0,0,1,0,0,0
24.95,7.0,137.0,141.0,262.0,61.0,0,1,0,1,0,0,0,0,0
24.95,7.0,237.0,191.0,262.0,46.0,0,0,1,1,0,0,0,0,0
119.0,10.0,1360.0,282.0,480.0,118.0,1,0,0,1,0,0,0,0,0
269.0,18.0,2352.0,378.0,582.0,118.0,0,0,1,1,0,0,0,0,0
269.0,18.0,1920.0,378.0,582.0,103.0,0,0,1,1,0,0,0,0,0
119.0,18.0,1107.0,282.0,480.0,91.0,0,0,1,1,0,0,0,0,0
139.0,10.0,835.0,378.0,354.0,94.0,0,1,0,1,0,0,0,0,0
489.0,8.0,3696.0,191.0,354.0,70.0,1,0,0,1,0,0,0,0,0
169.0,18.0,2125.0,378.0,480.0,112.0,1,0,0,1,0,0,0,0,0
119.0,8.0,1394.0,378.0,480.0,94.0,1,0,0,1,0,0,0,0,0
24.95,6.0,223.0,141.0,262.0,72.0,1,0,0,1,0,0,0,0,0
24.95,2.0,20.0,262.0,282.0,95.5,0,0,1,0,0,1,0,0,0
99.0,18.0,834.0,354.0,191.0,118.0,0,0,1,0,0,0,1,0,0
32.95,9.0,261.0,141.0,262.0,72.0,0,0,1,1,0,0,0,0,0
54.95,7.0,434.0,222.0,262.0,76.0,0,0,1,1,0,0,0,0,0
42.95,6.0,275.0,262.0,282.0,59.0,0,0,1,0,1,0,0,0,0
32.95,8.0,262.0,141.0,262.0,72.0,0,0,1,1,0,0,0,0,0
32.95,8.0,291.0,141.0,262.0,72.0,0,0,1,1,0,0,0,0,0
32.95,9.0,319.0,141.0,262.0,72.0,0,0,1,1,0,0,0,0,0
36.95,5.0,215.0,191.0,354.0,91.0,0,1,0,0,1,0,0,0,0
59.95,7.0,348.0,262.0,317.0,70.5,0,0,1,1,0,0,0,0,0
119.0,16.0,1685.0,191.0,354.0,118.0,0,0,1,1,0,0,0,0,0
26.95,7.0,217.0,141.0,262.0,91.0,0,1,0,1,0,0,0,0,0
139.0,18.0,1173.0,480.0,282.0,91.0,0,0,0,1,0,0,0,0,0
42.95,7.0,285.0,191.0,262.0,61.0,0,0,1,1,0,0,0,0,0
54.95,8.0,384.0,262.0,382.0,56.5,0,0,0,1,0,0,0,0,0
74.95,18.0,756.0,382.0,262.0,70.5,1,0,0,1,0,0,0,0,0
36.95,4.0,157.0,191.0,262.0,46.0,0,1,0,1,0,0,0,0,0
54.95,7.0,312.0,222.0,262.0,76.0,0,0,1,1,0,0,0,0,0
54.95,4.0,790.0,262.0,370.0,180.0,0,0,1,1,0,0,0,0,0
24.95,6.0,198.0,191.0,262.0,46.0,0,0,1,1,0,0,0,0,0
54.95,9.0,592.0,191.0,354.0,70.0,0,0,1,1,0,0,0,0,0
69.95,8.0,494.0,262.0,382.0,56.5,1,0,0,1,0,0,0,0,0
379.0,18.0,2065.0,582.0,480.0,91.0,0,1,0,1,0,0,0,0,0
159.0,18.0,1476.0,378.0,480.0,112.0,1,0,0,1,0,0,0,0,0
629.0,18.0,9036.0,262.0,317.0,70.5,0,0,1,1,0,0,0,0,0
39.95,4.0,130.0,191.0,262.0,61.0,0,1,0,1,0,0,0,0,0
18.95,6.0,139.0,157.0,141.0,45.0,0,0,1,0,0,0,1,0,0
149.0,2.0,105.0,480.0,582.0,124.0,0,0,1,0,0,1,0,0,0
299.0,18.0,2646.0,480.0,582.0,124.0,1,0,0,0,0,0,0,1,0
539.0,18.0,3854.0,480.0,582.0,170.0,0,0,0,1,0,0,0,0,0
99.0,9.0,1038.0,282.0,540.0,59.0,1,0,0,1,0,0,0,0,0
59.95,18.0,608.0,382.0,262.0,70.5,1,0,0,1,0,0,0,0,0
17.95,1.5,1.0,435.0,385.0,6.0,0,0,0,0,0,1,0,0,0
169.0,7.0,815.0,378.0,582.0,118.0,0,0,1,0,1,0,0,0,0
169.0,12.0,2010.0,378.0,582.0,103.0,1,0,0,0,0,0,0,0,1
59.95,10.0,476.0,354.0,191.0,70.0,0,0,1,1,0,0,0,0,0
59.95,9.0,672.0,262.0,382.0,70.5,0,0,1,1,0,0,0,0,0
36.95,7.0,348.0,262.0,317.0,70.5,0,0,1,0,0,0,0,0,1
17.95,4.0,1.0,438.0,387.0,3.0,0,0,0,1,0,0,0,0,0
29.95,7.0,253.0,262.0,191.0,61.0,0,0,1,1,0,0,0,0,0
16.95,7.0,348.0,262.0,317.0,70.5,0,0,1,1,0,0,0,0,0
4.95,7.0,348.0,262.0,317.0,70.5,0,0,1,1,0,0,0,0,0
4.95,6.0,87.0,262.0,317.0,70.5,0,0,1,0,0,0,1,0,0
159.0,3.0,218.0,480.0,582.0,124.0,0,1,0,0,0,1,0,0,0
26.95,7.0,244.0,141.0,262.0,91.0,0,1,0,1,0,0,0,0,0
179.0,16.0,1471.0,480.0,118.0,282.0,0,0,1,1,0,0,0,0,0
119.0,9.0,868.0,282.0,540.0,78.5,1,0,0,1,0,0,0,0,0
46.95,7.0,282.0,191.0,262.0,61.0,0,0,1,0,0,0,1,0,0
26.95,7.0,212.0,141.0,262.0,91.0,0,1,0,1,0,0,0,0,0
54.95,6.0,370.0,191.0,354.0,70.0,1,0,0,1,0,0,0,0,0
119.0,7.0,1045.0,378.0,480.0,94.0,1,0,0,0,1,0,0,0,0
84.95,18.0,854.0,354.0,191.0,118.0,0,0,1,0,0,0,1,0,0
39.95,8.0,390.0,191.0,354.0,70.0,1,0,0,1,0,0,0,0,0
119.0,7.0,842.0,378.0,480.0,70.5,0,1,0,0,1,0,0,0,0
24.95,7.0,215.0,191.0,262.0,46.0,0,0,1,1,0,0,0,0,0
26.95,7.0,260.0,141.0,262.0,91.0,0,1,0,1,0,0,0,0,0
99.0,9.0,764.0,378.0,354.0,70.5,1,0,0,1,0,0,0,0,0
84.95,18.0,584.0,354.0,191.0,91.0,0,0,0,0,0,0,1,0,0
189.0,11.0,2017.0,378.0,582.0,118.0,0,1,0,1,0,0,0,0,0
39.95,8.0,316.0,222.0,262.0,76.0,0,0,1,1,0,0,0,0,0
299.0,16.0,4002.0,480.0,582.0,170.0,0,0,1,1,0,0,0,0,0
32.95,7.0,280.0,141.0,262.0,72.0,0,0,1,1,0,0,0,0,0
59.95,18.0,812.0,262.0,382.0,56.5,1,0,0,1,0,0,0,0,0
42.95,2.0,22.0,191.0,354.0,70.0,0,1,0,0,0,1,0,0,0
54.95,6.0,436.0,262.0,382.0,70.5,0,0,1,0,1,0,0,0,0
46.95,8.0,285.0,191.0,262.0,46.0,0,0,1,0,0,0,1,0,0
36.95,4.0,484.0,179.0,369.5,180.0,0,0,1,1,0,0,0,0,0
99.0,4.0,498.0,378.0,354.0,94.0,0,1,0,1,0,0,0,0,0
74.95,6.0,231.0,262.0,317.0,90.0,0,0,1,0,0,0,0,1,0
18.95,6.0,88.0,122.0,141.0,46.0,0,1,0,0,0,0,1,0,0
42.95,7.0,274.0,262.0,191.0,61.0,0,0,1,1,0,0,0,0,0
24.95,5.0,197.0,191.0,262.0,72.0,0,0,1,0,1,0,0,0,0
79.95,9.0,412.0,262.0,382.0,56.5,0,1,0,0,0,0,1,0,0
39.95,8.0,258.0,61.0,191.0,262.0,0,0,1,1,0,0,0,0,0
169.0,9.0,989.0,378.0,480.0,70.5,0,1,0,1,0,0,0,0,0
299.0,18.0,2807.0,124.0,582.0,480.0,1,0,0,0,0,0,0,1,0
54.95,6.0,433.0,262.0,382.0,56.5,1,0,0,0,1,0,0,0,0
119.0,10.0,973.0,282.0,540.0,59.0,1,0,0,1,0,0,0,0,0
249.0,18.0,2899.0,480.0,582.0,124.0,1,0,0,1,0,0,0,0,0
36.95,5.0,295.0,262.0,282.0,59.0,0,0,1,0,1,0,0,0,0
59.95,12.0,598.0,191.0,262.0,61.0,0,0,1,1,0,0,0,0,0
54.95,4.0,235.0,282.0,480.0,61.0,0,0,1,0,1,0,0,0,0
139.0,7.0,154.0,141.0,157.0,61.0,0,0,1,1,0,0,0,0,0
119.0,18.0,1810.0,378.0,480.0,112.0,1,0,0,1,0,0,0,0,0
79.95,8.0,615.0,262.0,382.0,56.5,0,1,0,1,0,0,0,0,0
54.95,8.0,482.0,262.0,282.0,76.0,0,0,1,1,0,0,0,0,0
24.95,7.0,23.0,191.0,354.0,91.0,1,0,0,0,0,1,0,0,0
119.0,9.0,924.0,282.0,480.0,74.0,0,0,1,0,0,0,1,0,0
219.0,8.0,2010.0,480.0,582.0,91.0,1,0,0,0,1,0,0,0,0
74.95,9.0,722.0,282.0,480.0,61.0,1,0,0,1,0,0,0,0,0
46.95,7.0,227.0,262.0,382.0,70.5,0,0,1,1,0,0,0,0,0
139.0,18.0,1466.0,282.0,480.0,91.0,1,0,0,1,0,0,0,0,0
46.95,8.0,166.0,191.0,262.0,46.0,0,1,0,0,0,0,1,0,0
54.95,7.0,376.0,262.0,382.0,70.5,1,0,0,0,0,0,0,0,1
209.0,18.0,1775.0,378.0,480.0,112.0,1,0,0,1,0,0,0,0,0
69.95,7.0,545.0,282.0,480.0,61.0,0,1,0,0,0,0,0,0,1
59.95,9.0,544.0,262.0,382.0,70.5,0,1,0,1,0,0,0,0,0
24.95,5.0,148.0,191.0,262.0,61.0,0,0,1,0,1,0,0,0,0
4.95,7.0,348.0,262.0,317.0,70.5,0,0,1,1,0,0,0,0,0
84.95,14.0,754.0,382.0,262.0,70.5,1,0,0,1,0,0,0,0,0
119.0,10.0,900.0,354.0,378.0,70.5,1,0,0,1,0,0,0,0,0
26.95,4.0,110.0,141.0,262.0,61.0,0,1,0,1,0,0,0,0,0
59.95,9.0,665.0,262.0,382.0,70.5,0,0,0,1,0,0,0,0,0
24.95,1.5,15.0,191.0,354.0,91.0,0,1,0,0,0,1,0,0,0
39.95,8.0,364.0,222.0,262.0,76.0,0,0,1,1,0,0,0,0,0
59.95,4.0,155.0,262.0,382.0,56.5,0,0,1,1,0,0,0,0,0
169.0,9.0,1513.0,582.0,378.0,103.0,1,0,0,0,0,0,0,0,1
26.95,6.0,310.0,262.0,282.0,59.0,0,1,0,0,0,0,1,0,0
119.0,7.0,786.0,378.0,480.0,70.5,1,0,0,0,1,0,0,0,0
11.95,6.0,146.0,141.0,191.0,70.5,0,0,1,1,0,0,0,0,0
32.95,7.0,299.0,141.0,262.0,72.0,0,0,1,1,0,0,0,0,0
169.0,8.0,1682.0,378.0,582.0,87.0,0,1,0,0,0,0,0,0,1
59.95,6.0,454.0,282.0,480.0,61.0,1,0,0,0,1,0,0,0,0
599.0,18.0,5129.0,480.0,523.0,218.0,0,0,1,1,0,0,0,0,0
169.0,9.0,1176.0,378.0,582.0,87.0,0,0,1,1,0,0,0,0,0
24.95,5.0,190.0,191.0,262.0,61.0,0,0,1,0,1,0,0,0,0
94.95,8.0,703.0,378.0,354.0,70.5,0,0,1,1,0,0,0,0,0
46.95,6.0,181.0,191.0,262.0,61.0,0,1,0,1,0,0,0,0,0
54.95,2.0,71.0,282.0,480.0,91.0,0,1,0,0,0,1,0,0,0
4.95,6.0,83.0,262.0,317.0,70.5,0,0,1,1,0,0,0,0,0
11.95,7.0,163.0,141.0,157.0,61.0,1,0,0,1,0,0,0,0,0
32.95,8.0,252.0,191.0,262.0,61.0,0,0,1,1,0,0,0,0,0
11.95,6.0,95.0,141.0,191.0,46.0,0,0,1,1,0,0,0,0,0
59.95,4.0,187.0,262.0,382.0,56.5,0,1,0,1,0,0,0,0,0
46.95,6.0,320.0,262.0,382.0,70.5,0,0,1,1,0,0,0,0,0
149.0,2.0,142.0,480.0,582.0,124.0,0,1,0,0,0,1,0,0,0
199.0,7.0,843.0,282.0,540.0,91.0,0,0,1,1,0,0,0,0,0
26.95,4.0,88.0,141.0,262.0,61.0,0,1,0,1,0,0,0,0,0
74.95,8.0,747.0,282.0,540.0,59.0,0,1,0,1,0,0,0,0,0
74.95,6.0,668.0,282.0,540.0,78.5,0,0,1,0,1,0,0,0,0
54.95,9.0,755.0,262.0,382.0,56.5,0,0,1,1,0,0,0,0,0
149.0,9.0,1262.0,378.0,480.0,94.0,0,0,1,1,0,0,0,0,0
139.0,16.0,960.0,282.0,480.0,74.0,0,0,1,1,0,0,0,0,0
11.95,5.0,95.0,141.0,157.0,61.0,0,0,1,0,1,0,0,0,0
59.95,8.0,345.0,262.0,282.0,59.0,0,1,0,1,0,0,0,0,0
11.95,6.0,94.0,141.0,191.0,46.0,1,0,0,1,0,0,0,0,0
54.95,2.0,40.0,282.0,480.0,91.0,0,1,0,0,0,1,0,0,0
26.95,8.0,272.0,191.0,262.0,61.0,0,0,1,1,0,0,0,0,0
74.95,2.0,59.0,378.0,480.0,94.0,0,0,1,0,0,1,0,0,0
26.95,7.0,348.0,262.0,317.0,70.5,0,0,1,1,0,0,0,0,0
119.0,12.0,1348.0,378.0,480.0,94.0,1,0,0,0,0,0,0,0,1
54.95,8.0,491.0,262.0,382.0,56.5,1,0,0,0,0,0,0,0,1
4.95,6.0,95.0,262.0,317.0,70.5,0,0,1,1,0,0,0,0,0
46.95,8.0,387.0,222.0,262.0,76.0,0,0,1,1,0,0,0,0,0
24.95,8.0,258.0,191.0,262.0,61.0,0,0,1,1,0,0,0,0,0
26.95,6.0,175.0,205.0,191.0,61.0,0,1,0,1,0,0,0,0,0
11.95,5.0,70.0,141.0,157.0,45.0,1,0,0,0,1,0,0,0,0
79.95,8.0,695.0,282.0,480.0,61.0,1,0,0,0,0,0,0,0,1
11.95,6.0,57.0,195.0,210.0,45.0,0,0,1,1,0,0,0,0,0
84.95,18.0,665.0,262.0,282.0,76.0,0,0,1,0,0,0,1,0,0
11.95,2.0,11.0,141.0,191.0,70.5,0,1,0,0,0,1,0,0,0
26.95,8.0,193.0,191.0,262.0,61.0,0,0,1,1,0,0,0,0,0
269.0,18.0,2314.0,582.0,378.0,103.0,0,0,1,0,0,0,1,0,0
99.0,9.0,878.0,282.0,540.0,59.0,1,0,0,1,0,0,0,0,0
79.95,9.0,625.0,262.0,382.0,70.5,0,0,1,0,0,0,1,0,0
24.95,4.0,85.0,191.0,262.0,46.0,0,0,1,0,1,0,0,0,0
109.0,8.0,851.0,282.0,480.0,74.0,0,0,1,1,0,0,0,0,0
69.95,18.0,771.0,262.0,382.0,56.5,0,0,1,1,0,0,0,0,0
69.95,6.0,500.0,282.0,540.0,59.0,0,0,1,0,1,0,0,0,0
36.95,6.0,346.0,191.0,354.0,59.0,1,0,0,0,0,0,0,0,1
189.0,18.0,1508.0,480.0,282.0,91.0,0,0,1,1,0,0,0,0,0
11.95,6.0,56.0,195.0,210.0,45.0,0,0,1,1,0,0,0,0,0
36.95,4.0,134.0,191.0,262.0,61.0,0,1,0,0,0,0,0,0,1
59.95,9.0,593.0,262.0,282.0,76.0,0,0,1,0,0,0,1,0,0
32.95,4.0,54.0,141.0,262.0,48.0,0,0,1,1,0,0,0,0,0
26.95,6.0,105.0,141.0,191.0,46.0,0,0,1,0,0,0,1,0,0
24.95,1.5,80.0,262.0,282.0,118.0,1,0,0,1,0,0,0,0,0
11.95,4.0,58.0,141.0,157.0,45.0,0,1,0,1,0,0,0,0,0
11.95,6.0,72.0,195.0,210.0,45.0,0,0,1,1,0,0,0,0,0
39.95,8.0,392.0,191.0,354.0,70.0,0,0,1,1,0,0,0,0,0
229.0,18.0,2354.0,480.0,582.0,91.0,0,0,1,1,0,0,0,0,0
109.0,18.0,1222.0,382.0,262.0,94.0,0,0,1,1,0,0,0,0,0
11.95,6.0,113.0,141.0,191.0,46.0,0,0,1,1,0,0,0,0,0
329.0,18.0,3955.0,480.0,582.0,170.0,0,0,1,1,0,0,0,0,0
119.0,18.0,807.0,262.0,382.0,70.5,0,0,1,0,0,0,1,0,0
54.95,1.5,43.0,180.0,370.0,180.0,1,0,0,0,0,1,0,0,0
24.95,1.5,19.0,191.0,354.0,91.0,1,0,0,0,0,1,0,0,0
99.0,6.0,688.0,354.0,378.0,94.0,1,0,0,0,1,0,0,0,0
11.95,7.0,145.0,141.0,191.0,46.0,0,0,1,1,0,0,0,0,0
11.95,6.0,144.0,141.0,191.0,46.0,0,0,1,1,0,0,0,0,0
54.95,4.0,161.0,262.0,282.0,59.0,0,1,0,1,0,0,0,0,0
26.95,7.0,247.0,141.0,262.0,91.0,0,1,0,1,0,0,0,0,0
4.95,8.0,78.0,262.0,317.0,70.5,0,0,1,1,0,0,0,0,0
24.95,5.0,20.0,262.0,317.0,70.5,0,0,1,0,1,0,0,0,0
179.0,9.0,1022.0,378.0,582.0,87.0,0,0,1,0,0,0,1,0,0
24.95,4.0,213.0,262.0,285.0,64.0,0,0,1,1,0,0,0,0,0
59.95,7.0,348.0,262.0,317.0,70.5,0,0,1,0,0,0,1,0,0
59.95,23.0,649.0,191.0,262.0,72.0,0,0,1,1,0,0,0,0,0
11.95,2.0,5.0,141.0,157.0,61.0,0,1,0,0,0,1,0,0,0
59.95,8.0,490.0,222.0,262.0,124.0,0,0,1,1,0,0,0,0,0
54.95,2.0,75.0,282.0,540.0,91.0,1,0,0,0,0,1,0,0,0
11.95,2.0,10.0,141.0,191.0,91.0,0,0,1,0,0,1,0,0,0
11.95,4.0,48.0,141.0,191.0,46.0,1,0,0,1,0,0,0,0,0
74.95,6.0,706.0,282.0,540.0,78.5,0,0,1,0,1,0,0,0,0
99.0,9.0,980.0,282.0,540.0,78.5,1,0,0,0,0,0,0,0,1
54.95,8.0,349.0,282.0,262.0,59.0,0,1,0,1,0,0,0,0,0
26.95,7.0,348.0,262.0,317.0,70.5,0,0,1,1,0,0,0,0,0
24.95,5.0,112.0,191.0,262.0,61.0,0,0,1,0,1,0,0,0,0
24.95,5.0,200.0,191.0,262.0,61.0,0,0,1,0,1,0,0,0,0
11.95,4.0,64.0,141.0,157.0,61.0,0,0,1,1,0,0,0,0,0
46.95,4.0,149.0,222.0,262.0,76.0,1,0,0,1,0,0,0,0,0
69.95,5.0,1000.0,282.0,480.0,91.0,1,0,0,1,0,0,0,0,0
24.95,2.0,23.0,262.0,282.0,95.5,0,0,1,0,0,1,0,0,0
54.95,6.0,462.0,282.0,480.0,61.0,1,0,0,0,1,0,0,0,0
59.95,7.0,254.0,262.0,282.0,59.0,0,1,0,1,0,0,0,0,0
46.95,8.0,357.0,222.0,262.0,76.0,0,0,1,1,0,0,0,0,0
89.95,8.0,605.0,282.0,480.0,61.0,1,0,0,1,0,0,0,0,0
24.95,2.0,16.0,262.0,282.0,76.0,1,0,0,0,0,1,0,0,0
54.95,2.0,37.0,262.0,382.0,94.0,0,1,0,1,0,0,0,0,0
209.0,18.0,2099.0,582.0,378.0,118.0,1,0,0,1,0,0,0,0,0
269.0,18.0,2708.0,582.0,480.0,124.0,0,0,1,1,0,0,0,0,0
54.95,8.0,479.0,262.0,382.0,56.5,0,0,1,1,0,0,0,0,0
84.95,18.0,766.0,354.0,191.0,118.0,1,0,0,0,0,0,1,0,0
46.95,4.0,137.0,191.0,262.0,61.0,0,1,0,1,0,0,0,0,0
119.0,18.0,1197.0,282.0,480.0,74.0,0,1,0,1,0,0,0,0,0
169.0,14.0,1901.0,378.0,582.0,87.0,0,0,1,1,0,0,0,0,0
42.95,6.0,117.0,262.0,282.0,59.0,0,1,0,0,1,0,0,0,0
10.95,4.0,1.0,308.0,260.0,3.0,0,0,0,1,0,0,0,0,0
36.95,7.0,475.0,191.0,354.0,70.0,0,0,1,1,0,0,0,0,0
74.95,6.0,354.0,262.0,317.0,90.0,0,1,0,0,0,0,0,1,0
24.95,2.0,23.0,262.0,282.0,95.5,0,1,0,0,0,1,0,0,0
39.95,8.0,297.0,61.0,191.0,262.0,0,0,1,1,0,0,0,0,0
59.95,9.0,422.0,262.0,382.0,70.5,0,1,0,1,0,0,0,0,0
119.0,7.0,915.0,378.0,480.0,94.0,0,0,1,0,1,0,0,0,0
109.0,18.0,590.0,354.0,191.0,91.0,0,0,0,1,0,0,0,0,0
24.95,7.0,258.0,191.0,262.0,61.0,0,0,1,1,0,0,0,0,0
119.0,18.0,1445.0,282.0,480.0,91.0,0,0,1,1,0,0,0,0,0
159.0,18.0,979.0,480.0,378.0,112.0,1,0,0,1,0,0,0,0,0
17.95,7.0,230.0,141.0,262.0,48.0,0,0,1,1,0,0,0,0,0
269.0,18.0,2585.0,480.0,378.0,112.0,0,0,1,1,0,0,0,0,0
18.95,6.0,138.0,191.0,141.0,46.0,0,0,1,1,0,0,0,0,0
169.0,9.0,1159.0,378.0,582.0,87.0,0,0,1,1,0,0,0,0,0
24.95,2.0,23.0,191.0,262.0,72.0,0,1,0,0,0,1,0,0,0
18.95,8.0,128.0,141.0,191.0,46.0,0,1,0,1,0,0,0,0,0
46.95,8.0,304.0,222.0,262.0,76.0,0,0,1,1,0,0,0,0,0
36.95,6.0,336.0,191.0,354.0,70.0,0,1,0,0,0,0,0,0,1
74.95,6.0,280.0,262.0,317.0,90.0,0,1,0,0,0,0,0,1,0
46.95,7.0,243.0,262.0,382.0,70.5,0,0,1,1,0,0,0,0,0
42.95,5.0,261.0,191.0,354.0,70.0,0,0,1,0,1,0,0,0,0
74.95,2.0,61.0,378.0,480.0,94.0,0,0,0,0,0,1,0,0,0
74.95,9.0,840.0,378.0,354.0,70.5,0,0,1,1,0,0,0,0,0
46.95,8.0,300.0,191.0,354.0,59.0,0,0,1,1,0,0,0,0,0
54.95,9.0,581.0,191.0,354.0,70.0,0,0,1,1,0,0,0,0,0
119.0,2.0,112.0,480.0,582.0,124.0,0,1,0,0,0,1,0,0,0
84.95,18.0,675.0,354.0,191.0,91.0,0,0,1,0,0,0,1,0,0
59.95,8.0,510.0,262.0,382.0,56.5,0,1,0,1,0,0,0,0,0
54.95,8.0,564.0,262.0,382.0,70.5,0,0,1,1,0,0,0,0,0
46.95,8.0,340.0,191.0,354.0,59.0,0,0,1,1,0,0,0,0,0
54.95,6.0,507.0,282.0,480.0,61.0,0,0,1,0,1,0,0,0,0
24.95,6.0,203.0,191.0,262.0,46.0,1,0,0,0,0,0,0,0,1
69.95,6.0,540.0,378.0,354.0,94.0,0,0,1,0,1,0,0,0,0
54.95,8.0,556.0,262.0,382.0,56.5,0,0,1,1,0,0,0,0,0
59.95,8.0,422.0,262.0,282.0,76.0,0,0,1,1,0,0,0,0,0
69.95,6.0,373.0,282.0,480.0,61.0,0,1,0,0,0,0,0,0,1
26.95,7.0,121.0,141.0,262.0,48.0,0,1,0,1,0,0,0,0,0
10.95,4.0,1.0,308.0,260.0,3.0,0,0,0,1,0,0,0,0,0
36.95,6.0,300.0,191.0,354.0,59.0,0,1,0,0,0,0,0,0,1
11.95,2.0,10.0,141.0,191.0,61.0,0,1,0,0,0,1,0,0,0
119.0,8.0,466.0,282.0,480.0,61.0,0,1,0,1,0,0,0,0,0
29.95,8.0,154.0,191.0,262.0,46.0,0,0,1,1,0,0,0,0,0
4.95,7.0,348.0,262.0,317.0,70.5,0,0,1,1,0,0,0,0,0
11.95,5.0,59.0,141.0,157.0,45.0,0,0,1,0,1,0,0,0,0
11.95,7.0,178.0,141.0,157.0,45.0,0,0,1,1,0,0,0,0,0
109.0,10.0,764.0,262.0,382.0,94.0,1,0,0,1,0,0,0,0,0
59.95,18.0,805.0,262.0,382.0,94.0,1,0,0,1,0,0,0,0,0
18.95,6.0,130.0,141.0,191.0,70.5,0,0,1,1,0,0,0,0,0
119.0,7.0,816.0,378.0,480.0,94.0,0,0,1,0,1,0,0,0,0
54.95,4.0,154.0,262.0,282.0,59.0,1,0,0,1,0,0,0,0,0
149.0,18.0,1254.0,282.0,540.0,91.0,1,0,0,1,0,0,0,0,0
24.95,5.0,194.0,191.0,262.0,61.0,0,0,1,0,1,0,0,0,0
149.0,8.0,1216.0,378.0,480.0,94.0,0,0,1,0,0,0,0,1,0
79.95,4.0,154.0,262.0,282.0,59.0,1,0,0,1,0,0,0,0,0
4.95,5.0,46.0,195.0,170.0,70.5,0,1,0,0,0,0,0,0,1
119.0,18.0,1483.0,262.0,382.0,94.0,0,0,1,1,0,0,0,0,0
229.0,18.0,2923.0,480.0,582.0,124.0,0,0,0,1,0,0,0,0,0
119.0,8.0,624.0,282.0,480.0,74.0,0,0,0,1,0,0,0,0,0
54.95,8.0,427.0,262.0,282.0,76.0,0,0,1,1,0,0,0,0,0
159.0,7.0,348.0,262.0,317.0,70.5,0,0,1,1,0,0,0,0,0
24.95,2.0,27.0,191.0,262.0,72.0,0,1,0,0,0,1,0,0,0
11.95,6.0,109.0,141.0,191.0,46.0,0,1,0,0,0,0,0,0,1
119.0,9.0,795.0,378.0,480.0,70.5,1,0,0,1,0,0,0,0,0
29.95,2.0,26.0,262.0,382.0,118.0,0,0,1,0,0,1,0,0,0
149.0,12.0,693.0,282.0,540.0,78.5,0,1,0,1,0,0,0,0,0
46.95,8.0,275.0,262.0,191.0,61.0,0,0,1,1,0,0,0,0,0
4.95,7.0,348.0,262.0,317.0,70.5,0,0,1,1,0,0,0,0,0
59.95,8.0,587.0,382.0,262.0,70.5,0,0,1,1,0,0,0,0,0
459.0,7.0,348.0,262.0,317.0,70.5,0,0,1,1,0,0,0,0,0
119.0,6.0,698.0,378.0,480.0,70.5,1,0,0,1,0,0,0,0,0
36.95,6.0,298.0,262.0,282.0,59.0,0,0,1,0,1,0,0,0,0
46.95,8.0,257.0,191.0,354.0,59.0,0,0,1,1,0,0,0,0,0
59.95,7.0,306.0,262.0,282.0,76.0,0,1,0,1,0,0,0,0,0
32.95,7.0,242.0,191.0,262.0,72.0,0,0,1,1,0,0,0,0,0
18.95,4.0,42.0,46.0,141.0,122.0,0,1,0,1,0,0,0,0,0
11.95,4.0,53.0,141.0,157.0,45.0,0,0,1,0,1,0,0,0,0
29.95,8.0,255.0,191.0,262.0,46.0,0,0,1,1,0,0,0,0,0
59.95,8.0,553.0,282.0,262.0,95.5,0,0,1,1,0,0,0,0,0
11.95,4.0,57.0,141.0,191.0,46.0,0,1,0,1,0,0,0,0,0
26.95,4.0,94.0,141.0,262.0,61.0,0,1,0,1,0,0,0,0,0
11.95,6.0,85.0,122.0,141.0,46.0,0,0,1,0,0,0,1,0,0
29.95,2.0,25.0,262.0,222.0,76.0,0,1,0,0,0,1,0,0,0
54.95,4.0,950.0,262.0,382.0,94.0,1,0,0,1,0,0,0,0,0
79.95,8.0,603.0,262.0,382.0,56.5,0,0,1,1,0,0,0,0,0
269.0,18.0,1890.0,378.0,582.0,87.0,0,0,1,0,0,0,1,0,0
79.95,6.0,320.0,262.0,382.0,56.5,0,1,0,1,0,0,0,0,0
24.95,5.0,8.0,262.0,317.0,70.5,0,0,1,0,1,0,0,0,0
11.95,4.0,58.0,141.0,157.0,45.0,0,0,1,0,1,0,0,0,0
139.0,9.0,1192.0,378.0,480.0,70.5,0,0,1,1,0,0,0,0,0
26.95,5.0,134.0,191.0,205.0,61.0,0,1,0,1,0,0,0,0,0
18.95,4.0,53.0,141.0,191.0,46.0,0,1,0,1,0,0,0,0,0
24.95,5.0,144.0,222.0,262.0,62.0,0,1,0,0,1,0,0,0,0
109.0,18.0,1000.0,262.0,382.0,94.0,0,0,1,0,0,0,1,0,0
11.95,7.0,143.0,141.0,157.0,71.0,0,0,1,1,0,0,0,0,0
11.95,7.0,72.0,122.0,141.0,46.0,0,1,0,1,0,0,0,0,0
52.95,4.0,200.0,191.0,354.0,70.0,0,1,0,1,0,0,0,0,0
24.95,4.0,333.0,191.0,262.0,72.0,1,0,0,1,0,0,0,0,0
199.0,18.0,2164.0,378.0,480.0,112.0,0,0,1,1,0,0,0,0,0
54.95,7.0,344.0,262.0,382.0,70.5,0,0,1,0,1,0,0,0,0
11.95,7.0,92.0,122.0,141.0,61.0,0,0,1,1,0,0,0,0,0
4.95,7.0,348.0,262.0,317.0,70.5,0,0,1,1,0,0,0,0,0
74.95,18.0,827.0,191.0,262.0,118.0,1,0,0,1,0,0,0,0,0
17.95,7.0,175.0,141.0,262.0,48.0,0,0,1,1,0,0,0,0,0
11.95,4.0,140.0,141.0,191.0,46.0,1,0,0,1,0,0,0,0,0
26.95,5.0,125.0,191.0,205.0,61.0,1,0,0,1,0,0,0,0,0
179.0,8.0,1066.0,378.0,480.0,70.5,0,0,1,0,0,0,1,0,0
149.0,2.0,95.0,378.0,582.0,118.0,0,1,0,0,0,1,0,0,0
169.0,18.0,1998.0,380.0,322.0,210.0,1,0,0,1,0,0,0,0,0
54.95,9.0,560.0,59.0,282.0,262.0,0,1,0,1,0,0,0,0,0
29.95,6.0,231.0,262.0,382.0,70.5,0,1,0,0,0,0,0,0,1
109.0,7.0,496.0,262.0,382.0,56.5,0,0,1,1,0,0,0,0,0
59.95,7.0,226.0,282.0,480.0,61.0,0,1,0,0,1,0,0,0,0
11.95,5.0,86.0,141.0,157.0,61.0,0,0,1,0,1,0,0,0,0
199.0,18.0,1808.0,390.0,620.0,120.0,1,0,0,1,0,0,0,0,0
109.0,9.0,777.0,282.0,480.0,61.0,0,0,1,1,0,0,0,0,0
46.95,9.0,349.0,262.0,191.0,61.0,0,0,1,1,0,0,0,0,0
54.95,6.0,401.0,262.0,382.0,56.5,1,0,0,0,0,0,0,0,1
229.0,6.0,1517.0,118.0,582.0,378.0,1,0,0,0,1,0,0,0,0
26.95,6.0,119.0,141.0,191.0,46.0,0,0,1,0,0,0,1,0,0
54.95,8.0,569.0,262.0,382.0,56.5,0,0,1,1,0,0,0,0,0
84.95,18.0,565.0,354.0,191.0,91.0,0,0,1,1,0,0,0,0,0
11.95,6.0,94.0,122.0,141.0,61.0,0,1,0,0,0,0,0,0,1
99.0,9.0,794.0,378.0,354.0,70.5,0,0,1,1,0,0,0,0,0
119.0,9.0,990.0,378.0,480.0,70.5,0,0,1,1,0,0,0,0,0
24.95,5.0,122.0,262.0,191.0,61.0,0,1,0,0,1,0,0,0,0
54.95,2.0,67.0,282.0,480.0,91.0,1,0,0,1,0,0,0,0,0
11.95,7.0,65.0,122.0,141.0,46.0,0,0,1,1,0,0,0,0,0
69.95,8.0,808.0,262.0,382.0,70.5,0,0,1,1,0,0,0,0,0
119.0,8.0,985.0,378.0,480.0,94.0,1,0,0,0,0,0,0,0,1
17.95,5.0,144.0,141.0,262.0,72.0,1,0,0,0,0,0,0,0,1
42.95,2.0,37.0,262.0,282.0,95.5,0,1,0,0,0,1,0,0,0
24.95,5.0,333.0,191.0,262.0,72.0,1,0,0,1,0,0,0,0,0
139.0,18.0,1212.0,378.0,480.0,70.5,1,0,0,1,0,0,0,0,0
139.0,18.0,1606.0,262.0,317.0,70.5,0,0,1,1,0,0,0,0,0
11.95,6.0,157.0,141.0,157.0,71.0,1,0,0,0,0,0,0,0,1
54.95,7.0,304.0,262.0,382.0,56.5,1,0,0,0,0,0,0,0,1
36.95,6.0,278.0,262.0,282.0,59.0,0,0,1,0,1,0,0,0,0
139.0,18.0,4167.0,378.0,404.0,50.0,0,1,0,1,0,0,0,0,0
42.95,2.0,50.0,94.0,382.0,262.0,0,1,0,0,0,1,0,0,0
149.0,18.0,2022.0,262.0,382.0,118.0,1,0,0,1,0,0,0,0,0
299.0,18.0,2651.0,262.0,317.0,70.5,0,0,1,1,0,0,0,0,0
169.0,7.0,598.0,378.0,582.0,87.0,1,0,0,0,1,0,0,0,0
52.95,8.0,600.0,282.0,262.0,95.0,1,0,0,1,0,0,0,0,0
54.95,5.0,900.0,262.0,382.0,94.0,1,0,0,1,0,0,0,0,0
4.95,6.0,59.0,262.0,317.0,70.5,0,0,1,1,0,0,0,0,0
169.0,18.0,1379.0,282.0,480.0,118.0,1,0,0,1,0,0,0,0,0
24.95,6.0,204.0,191.0,205.0,61.0,0,1,0,0,0,0,0,0,1
11.95,6.0,125.0,141.0,191.0,46.0,1,0,0,0,0,0,0,0,1
99.0,9.0,512.0,262.0,382.0,70.5,0,1,0,1,0,0,0,0,0
18.95,6.0,113.0,191.0,141.0,46.0,0,0,1,1,0,0,0,0,0
99.0,8.0,832.0,354.0,378.0,70.5,1,0,0,0,0,0,0,0,1
99.0,8.0,830.0,282.0,540.0,78.5,1,0,0,0,0,0,0,0,1
139.0,18.0,749.0,262.0,382.0,94.0,1,0,0,1,0,0,0,0,0
64.95,9.0,572.0,61.0,480.0,282.0,0,1,0,1,0,0,0,0,0
26.95,8.0,254.0,191.0,262.0,61.0,0,0,1,1,0,0,0,0,0
11.95,2.0,16.0,191.0,205.0,73.0,1,0,0,0,0,1,0,0,0
119.0,9.0,887.0,78.5,540.0,282.0,0,0,1,1,0,0,0,0,0
24.95,5.0,333.0,191.0,262.0,72.0,1,0,0,1,0,0,0,0,0
46.95,7.0,264.0,191.0,262.0,61.0,0,0,1,0,1,0,0,0,0
9.95,5.0,14.0,122.0,91.0,47.0,0,1,0,0,1,0,0,0,0
46.95,7.0,218.0,191.0,262.0,61.0,0,0,1,0,0,0,0,1,0
169.0,18.0,1545.0,378.0,582.0,87.0,0,0,1,1,0,0,0,0,0
79.95,8.0,555.0,262.0,382.0,70.5,0,0,1,0,0,0,0,1,0
79.95,8.0,844.0,282.0,480.0,61.0,1,0,0,0,0,0,0,0,1
46.95,4.0,87.0,191.0,205.0,61.0,0,1,0,0,0,0,1,0,0
9.95,5.0,15.0,122.0,91.0,47.0,0,1,0,0,1,0,0,0,0
79.95,8.0,757.0,282.0,540.0,78.5,1,0,0,0,0,0,0,0,1
11.95,5.0,94.0,141.0,157.0,45.0,0,0,1,0,1,0,0,0,0
54.95,6.0,479.0,282.0,480.0,61.0,0,1,0,0,1,0,0,0,0
11.95,5.0,93.0,122.0,141.0,61.0,0,1,0,0,0,0,0,0,1
119.0,10.0,1108.0,378.0,480.0,70.5,1,0,0,1,0,0,0,0,0
109.0,8.0,654.0,378.0,354.0,70.5,0,0,1,1,0,0,0,0,0
11.95,4.0,60.0,141.0,157.0,61.0,1,0,0,0,0,0,0,0,1
36.95,6.0,446.0,191.0,354.0,70.0,1,0,0,0,0,0,0,0,1
46.95,9.0,305.0,262.0,191.0,61.0,0,0,1,1,0,0,0,0,0
52.95,6.0,300.0,262.0,282.0,76.0,0,0,1,1,0,0,0,0,0
52.95,4.0,124.0,191.0,262.0,46.0,0,1,0,0,0,0,1,0,0
32.95,8.0,179.0,141.0,262.0,48.0,0,1,0,1,0,0,0,0,0
299.0,18.0,2532.0,480.0,582.0,124.0,0,0,1,1,0,0,0,0,0
11.95,4.0,61.0,122.0,141.0,61.0,1,0,0,0,0,0,0,0,1
84.95,7.0,540.0,262.0,382.0,70.5,0,0,1,0,0,0,0,1,0
24.95,2.0,34.0,191.0,262.0,118.0,0,1,0,0,0,1,0,0,0
42.95,6.0,296.0,262.0,282.0,59.0,1,0,0,0,1,0,0,0,0
11.95,4.0,63.0,141.0,191.0,46.0,1,0,0,0,0,0,0,0,1
249.0,12.0,2129.0,480.0,582.0,91.0,0,0,0,1,0,0,0,0,0
54.95,6.0,431.0,282.0,480.0,61.0,1,0,0,0,0,0,0,0,1
59.95,7.0,388.0,222.0,262.0,76.0,0,1,0,1,0,0,0,0,0
11.95,6.0,90.0,122.0,141.0,61.0,0,1,0,0,0,0,0,0,1
24.95,6.0,259.0,191.0,262.0,61.0,1,0,0,0,0,0,0,0,1
54.95,1.5,22.0,262.0,282.0,95.5,0,1,0,0,0,1,0,0,0
54.95,5.0,1100.0,282.0,480.0,74.0,1,0,0,1,0,0,0,0,0
109.0,16.0,1070.0,262.0,382.0,94.0,0,0,1,1,0,0,0,0,0
36.95,6.0,486.0,225.0,230.0,50.0,0,1,0,1,0,0,0,0,0
36.95,6.0,204.0,191.0,262.0,46.0,0,1,0,1,0,0,0,0,0
64.95,6.0,1022.0,282.0,262.0,76.0,1,0,0,1,0,0,0,0,0
46.95,8.0,330.0,191.0,262.0,61.0,0,1,0,1,0,0,0,0,0
24.95,6.0,203.0,191.0,205.0,61.0,0,1,0,0,0,0,0,0,1
39.95,8.0,238.0,61.0,191.0,262.0,0,0,1,1,0,0,0,0,0
9.95,5.0,10.0,122.0,91.0,47.0,0,1,0,0,1,0,0,0,0
59.95,8.0,355.0,262.0,282.0,76.0,1,0,0,1,0,0,0,0,0
219.0,18.0,3128.0,480.0,582.0,124.0,0,0,1,1,0,0,0,0,0
46.95,6.0,259.0,191.0,262.0,61.0,0,0,1,0,0,0,0,1,0
111.2,18.0,974.0,282.0,480.0,91.0,0,0,1,1,0,0,0,0,0
11.95,5.0,89.0,141.0,122.0,46.0,1,0,0,1,0,0,0,0,0
119.0,6.0,505.0,354.0,378.0,70.5,0,1,0,1,0,0,0,0,0
32.95,7.0,174.0,141.0,262.0,61.0,0,0,1,0,0,0,0,1,0
99.0,3.0,126.0,378.0,582.0,118.0,1,0,0,0,0,1,0,0,0
84.95,9.0,780.0,282.0,540.0,78.5,0,1,0,1,0,0,0,0,0
99.0,9.0,528.0,282.0,480.0,61.0,0,0,1,1,0,0,0,0,0
59.95,7.0,348.0,262.0,382.0,56.5,0,1,0,0,0,0,0,0,1
46.95,9.0,313.0,262.0,191.0,61.0,0,0,1,1,0,0,0,0,0
99.0,7.0,385.0,378.0,480.0,70.5,0,1,0,0,1,0,0,0,0
16.95,8.0,288.0,122.0,141.0,91.0,0,0,1,1,0,0,0,0,0
54.95,4.0,187.0,262.0,282.0,59.0,1,0,0,1,0,0,0,0,0
139.0,7.0,348.0,262.0,317.0,70.5,0,0,1,1,0,0,0,0,0
159.0,9.0,1459.0,378.0,480.0,70.5,0,0,1,1,0,0,0,0,0
79.95,7.0,853.0,282.0,540.0,78.5,1,0,0,0,0,0,0,0,1
279.0,11.0,2193.0,480.0,582.0,124.0,0,1,0,1,0,0,0,0,0
32.95,6.0,105.0,141.0,262.0,48.0,0,1,0,0,0,0,0,1,0
11.95,1.5,5.0,141.0,191.0,70.5,1,0,0,0,0,1,0,0,0
11.95,1.5,11.0,191.0,205.0,92.0,1,0,0,0,0,1,0,0,0
39.95,8.0,271.0,262.0,191.0,61.0,0,0,1,1,0,0,0,0,0
129.0,7.0,348.0,262.0,317.0,70.5,0,0,1,1,0,0,0,0,0
39.95,6.0,229.0,191.0,262.0,61.0,0,0,1,0,0,0,0,1,0
11.95,4.0,58.0,141.0,157.0,45.0,0,0,1,1,0,0,0,0,0
139.0,10.0,1003.0,378.0,480.0,70.5,0,0,1,1,0,0,0,0,0
24.95,6.0,531.0,225.0,280.0,50.0,1,0,0,1,0,0,0,0,0
4.95,7.0,348.0,262.0,317.0,70.5,0,0,1,0,0,0,0,0,1
66.95,4.0,144.0,262.0,282.0,59.0,0,1,0,1,0,0,0,0,0
46.95,8.0,369.0,262.0,222.0,62.0,0,0,1,1,0,0,0,0,0
11.95,7.0,67.0,122.0,141.0,46.0,0,0,0,1,0,0,0,0,0
159.0,9.0,658.0,378.0,480.0,70.5,0,1,0,1,0,0,0,0,0
69.95,18.0,688.0,262.0,382.0,70.5,1,0,0,1,0,0,0,0,0
11.95,7.0,106.0,122.0,141.0,46.0,0,0,1,0,0,0,0,1,0
5.95,7.0,348.0,262.0,317.0,70.5,0,0,1,1,0,0,0,0,0
36.95,6.0,246.0,262.0,282.0,59.0,0,0,1,0,1,0,0,0,0
6.95,7.0,52.0,125.5,110.0,35.0,0,0,1,0,0,0,0,1,0
109.0,18.0,1326.0,262.0,382.0,94.0,0,0,1,1,0,0,0,0,0
54.95,6.0,1154.0,262.0,282.0,76.0,0,0,0,1,0,0,0,0,0
11.95,5.0,74.0,122.0,141.0,46.0,0,1,0,1,0,0,0,0,0
11.95,5.0,53.0,122.0,141.0,46.0,1,0,0,1,0,0,0,0,0
54.95,4.0,185.0,262.0,282.0,59.0,1,0,0,0,0,0,0,0,1
119.0,7.0,348.0,262.0,317.0,70.5,0,0,1,1,0,0,0,0,0
46.95,7.0,1.0,191.0,354.0,59.0,0,0,1,1,0,0,0,0,0
54.95,4.0,157.0,262.0,382.0,56.5,0,1,0,0,1,0,0,0,0
32.95,7.0,348.0,262.0,317.0,70.5,0,0,1,1,0,0,0,0,0
54.95,5.0,176.0,191.0,354.0,59.0,0,1,0,1,0,0,0,0,0
52.95,7.0,484.0,191.0,354.0,70.0,0,0,1,0,0,0,0,1,0
109.0,7.0,348.0,262.0,317.0,70.5,0,0,1,1,0,0,0,0,0
119.0,7.0,348.0,262.0,317.0,70.5,0,0,1,1,0,0,0,0,0
119.0,9.0,732.0,282.0,480.0,74.0,0,1,0,0,0,0,1,0,0
26.95,4.0,88.0,191.0,262.0,61.0,0,1,0,1,0,0,0,0,0
4.95,7.0,348.0,262.0,317.0,70.5,0,0,1,0,0,1,0,0,0
9.95,5.0,12.0,122.0,91.0,47.0,0,1,0,0,1,0,0,0,0
32.95,7.0,348.0,262.0,317.0,70.5,0,0,1,1,0,0,0,0,0
24.95,6.0,518.0,191.0,262.0,61.0,1,0,0,1,0,0,0,0,0
34.95,6.0,154.0,141.0,262.0,61.0,0,0,1,0,0,0,0,1,0
4.95,6.0,55.0,262.0,317.0,70.5,0,0,1,0,0,0,0,0,1
37.95,7.0,217.0,191.0,262.0,61.0,0,0,1,0,0,0,0,1,0
79.95,6.0,366.0,262.0,382.0,70.5,0,0,1,0,0,0,0,1,0
26.95,5.0,111.0,191.0,205.0,61.0,0,1,0,1,0,0,0,0,0
24.95,1.5,14.0,191.0,354.0,91.0,1,0,0,0,0,1,0,0,0
4.95,5.0,8.0,150.0,95.0,6.5,0,1,0,1,0,0,0,0,0
84.95,7.0,494.0,378.0,354.0,70.5,0,0,1,0,0,0,0,1,0
26.95,4.0,100.0,191.0,262.0,46.0,0,1,0,1,0,0,0,0,0
59.95,7.0,545.0,282.0,480.0,74.0,1,0,0,0,0,0,0,0,1
86.95,6.0,605.0,282.0,480.0,61.0,1,0,0,0,0,0,0,0,1
4.95,7.0,348.0,262.0,317.0,70.5,0,0,1,1,0,0,0,0,0
49.95,8.0,943.0,262.0,382.0,56.5,0,0,1,1,0,0,0,0,0
54.95,7.0,430.0,282.0,480.0,61.0,0,1,0,0,0,0,0,0,1
49.95,7.0,261.0,191.0,262.0,46.0,0,1,0,1,0,0,0,0,0
54.95,9.0,381.0,262.0,222.0,62.0,0,0,1,1,0,0,0,0,0
26.95,6.0,180.0,141.0,262.0,61.0,0,0,1,0,0,0,0,1,0
18.95,6.0,130.0,141.0,191.0,70.5,0,0,1,0,0,0,0,1,0
59.95,7.0,348.0,262.0,317.0,70.5,0,0,1,1,0,0,0,0,0
54.95,8.0,371.0,262.0,282.0,76.0,0,0,1,1,0,0,0,0,0
27.95,4.0,87.0,141.0,191.0,46.0,0,1,0,1,0,0,0,0,0
46.95,8.0,327.0,262.0,191.0,61.0,0,0,1,1,0,0,0,0,0
18.95,8.0,234.0,262.0,100.0,57.0,0,0,1,1,0,0,0,0,0
59.95,6.0,592.0,282.0,480.0,61.0,0,1,0,0,0,0,0,0,1
9.95,5.0,11.0,122.0,91.0,47.0,0,1,0,0,1,0,0,0,0
64.95,7.0,348.0,262.0,317.0,70.5,0,0,1,1,0,0,0,0,0
59.95,7.0,451.0,282.0,480.0,61.0,1,0,0,0,0,0,0,0,1
29.95,7.0,348.0,262.0,317.0,70.5,0,0,1,1,0,0,0,0,0
74.95,6.0,588.0,262.0,382.0,56.5,0,0,1,0,0,0,0,1,0
36.95,6.0,349.0,225.0,230.0,50.0,1,0,0,1,0,0,0,0,0
179.0,7.0,348.0,262.0,317.0,70.5,0,0,1,1,0,0,0,0,0
39.95,8.0,257.0,262.0,191.0,61.0,0,0,1,1,0,0,0,0,0
39.95,7.0,265.0,191.0,262.0,61.0,0,0,1,1,0,0,0,0,0
39.95,7.0,264.0,191.0,354.0,59.0,0,0,1,1,0,0,0,0,0
12.95,6.0,56.0,210.0,157.0,52.0,1,0,0,0,0,0,0,0,1
9.95,5.0,10.0,122.0,91.0,47.0,0,1,0,0,1,0,0,0,0
39.95,7.0,348.0,262.0,317.0,70.5,0,0,1,1,0,0,0,0,0
22.95,7.0,348.0,262.0,317.0,70.5,0,0,1,1,0,0,0,0,0
39.95,6.0,288.0,191.0,354.0,59.0,1,0,0,0,0,0,0,0,1
4.95,9.0,348.0,262.0,317.0,70.5,0,0,1,0,0,0,0,1,0
11.95,6.0,76.0,141.0,157.0,45.0,0,0,1,0,0,0,0,1,0
4.95,7.0,348.0,262.0,317.0,70.5,0,0,1,0,0,0,0,0,1
44.95,7.0,348.0,262.0,317.0,70.5,0,0,1,1,0,0,0,0,0
49.95,6.0,380.0,262.0,382.0,56.5,0,1,0,0,0,0,0,0,1
11.95,7.0,133.0,122.0,141.0,46.0,0,0,1,1,0,0,0,0,0
12.95,6.0,18.0,91.0,122.0,47.0,0,1,0,0,0,0,0,1,0
25.95,5.0,154.0,191.0,262.0,61.0,0,1,0,0,1,0,0,0,0
4.95,7.0,348.0,262.0,317.0,70.5,0,0,1,1,0,0,0,0,0
54.95,8.0,856.0,262.0,382.0,56.5,1,0,0,1,0,0,0,0,0
4.95,6.0,118.0,150.0,95.0,6.5,0,0,1,1,0,0,0,0,0
24.95,7.0,348.0,262.0,317.0,70.5,0,0,1,1,0,0,0,0,0
5.95,7.0,348.0,262.0,317.0,70.5,0,0,1,1,0,0,0,0,0
5.95,7.0,348.0,262.0,317.0,70.5,0,0,1,0,0,1,0,0,0
29.95,6.0,312.0,70.5,382.0,262.0,0,1,0,0,0,0,0,0,1
11.95,4.0,54.0,122.0,141.0,46.0,0,1,0,0,0,0,0,0,1
139.0,7.0,348.0,262.0,317.0,70.5,0,0,1,1,0,0,0,0,0
4.95,7.0,348.0,262.0,317.0,70.5,0,0,1,0,1,0,0,0,0
32.95,6.0,179.0,191.0,262.0,46.0,0,1,0,0,0,0,0,1,0
5.95,6.0,115.0,150.0,95.0,6.5,0,0,1,1,0,0,0,0,0
36.95,6.0,388.0,225.0,230.0,50.0,1,0,0,1,0,0,0,0,0
11.95,4.0,59.0,141.0,191.0,46.0,0,1,0,1,0,0,0,0,0
25.0,7.0,267.0,191.0,262.0,61.0,0,0,1,0,0,0,0,1,0
7.95,8.0,95.0,128.0,92.0,28.0,0,0,1,1,0,0,0,0,0
3.0,6.0,107.0,150.0,95.0,6.5,0,0,0,1,0,0,0,0,0
17.95,7.0,160.0,141.0,262.0,61.0,0,0,1,1,0,0,0,0,0
9.95,7.0,348.0,262.0,317.0,70.5,0,0,1,1,0,0,0,0,0
9.95,7.0,348.0,262.0,317.0,70.5,0,0,1,1,0,0,0,0,0
4.95,6.0,115.0,150.0,95.0,6.5,0,0,1,1,0,0,0,0,0
29.95,6.0,199.0,191.0,262.0,61.0,0,0,1,0,0,0,0,0,1
5.95,7.0,348.0,262.0,317.0,70.5,0,0,1,0,1,0,0,0,0
4.95,7.0,348.0,262.0,317.0,70.5,0,0,1,0,1,0,0,0,0
49.95,7.0,334.0,70.5,382.0,262.0,0,0,1,1,0,0,0,0,0
22.95,7.0,348.0,262.0,317.0,70.5,0,0,1,1,0,0,0,0,0
22.95,8.0,244.0,70.5,191.0,141.0,0,0,1,1,0,0,0,0,0
12.95,7.0,348.0,262.0,317.0,70.5,0,0,1,1,0,0,0,0,0
24.95,6.0,517.0,225.0,280.0,50.0,1,0,0,1,0,0,0,0,0
109.0,12.0,1197.0,191.0,354.0,91.0,0,0,1,1,0,0,0,0,0
4.95,7.0,348.0,262.0,317.0,70.5,0,0,1,0,1,0,0,0,0
29.95,4.0,90.0,191.0,262.0,61.0,0,0,1,0,1,0,0,0,0
27.95,7.0,348.0,262.0,317.0,70.5,0,0,1,1,0,0,0,0,0
27.95,7.0,348.0,262.0,317.0,70.5,0,0,1,1,0,0,0,0,0
15.0,6.0,500.0,262.0,382.0,71.0,0,0,0,0,0,0,0,0,1
949.0,16.0,7541.0,533.0,385.0,460.0,0,0,0,0,0,0,1,0,0
32.95,7.0,348.0,262.0,317.0,70.5,0,0,1,1,0,0,0,0,0
25.95,7.0,348.0,262.0,317.0,70.5,0,0,1,1,0,0,0,0,0
4.0,7.0,348.0,262.0,317.0,70.5,0,0,1,1,0,0,0,0,0
49.95,6.0,268.0,70.5,382.0,262.0,1,0,0,1,0,0,0,0,0
8.95,8.0,95.0,128.0,92.0,28.0,0,0,1,1,0,0,0,0,0
8.95,6.0,95.0,128.0,92.0,28.0,0,1,0,1,0,0,0,0,0
9.95,5.0,14.0,122.0,91.0,47.0,0,1,0,0,1,0,0,0,0
11.95,6.0,84.0,141.0,157.0,45.0,0,0,1,0,0,0,0,1,0
11.95,7.0,348.0,262.0,317.0,70.5,0,0,1,0,0,0,0,1,0
12.95,6.0,100.0,122.0,141.0,61.0,0,1,0,0,0,0,0,0,1
59.95,8.0,432.0,262.0,282.0,76.0,0,0,1,0,0,0,1,0,0
149.0,18.0,2658.0,378.0,404.0,50.0,1,0,0,1,0,0,0,0,0
39.95,7.0,348.0,262.0,317.0,70.5,0,0,1,1,0,0,0,0,0
59.95,8.0,599.0,282.0,480.0,61.0,0,0,1,1,0,0,0,0,0
11.95,1.5,8.0,185.0,170.0,125.0,1,0,0,0,0,1,0,0,0
49.95,7.0,374.0,191.0,354.0,70.0,0,0,1,0,0,0,0,1,0
37.95,5.0,212.0,262.0,282.0,76.0,0,0,0,0,1,0,0,0,0
12.95,6.0,41.0,210.0,157.0,52.0,0,1,0,0,0,0,0,0,1
84.95,6.0,802.0,282.0,540.0,91.0,0,1,0,0,0,0,0,0,1
39.95,5.0,441.0,222.0,262.0,95.0,0,0,1,1,0,0,0,0,0
64.5,8.0,1040.0,378.0,480.0,70.5,0,0,1,1,0,0,0,0,0
26.95,6.0,197.0,191.0,262.0,46.0,0,0,1,1,0,0,0,0,0
109.0,8.0,464.0,282.0,540.0,59.0,0,0,1,0,0,0,0,1,0
64.95,8.0,468.0,262.0,382.0,70.5,0,0,1,0,0,0,0,1,0
3.0,6.0,109.0,262.0,199.0,146.0,0,0,1,1,0,0,0,0,0
54.95,7.0,348.0,262.0,317.0,70.5,0,0,1,1,0,0,0,0,0
11.95,6.0,11.0,91.0,122.0,47.0,0,1,0,0,0,0,0,1,0
89.95,8.0,862.0,282.0,540.0,78.5,0,0,1,0,0,0,0,1,0
79.95,8.0,627.0,262.0,382.0,70.5,0,0,1,1,0,0,0,0,0
12.95,6.0,59.0,210.0,157.0,52.0,1,0,0,0,0,0,0,0,1
529.0,16.0,5511.0,262.0,317.0,70.5,0,0,1,1,0,0,0,0,0
139.0,9.0,1047.0,378.0,354.0,94.0,0,0,1,1,0,0,0,0,0
299.0,18.0,3231.0,582.0,480.0,124.0,0,0,1,1,0,0,0,0,0
129.0,16.0,1087.0,282.0,480.0,91.0,0,0,1,1,0,0,0,0,0
39.95,7.0,348.0,262.0,317.0,70.5,0,0,1,1,0,0,0,0,0
13.95,7.0,348.0,262.0,317.0,70.5,0,0,1,1,0,0,0,0,0
13.95,7.0,348.0,262.0,317.0,70.5,0,0,1,1,0,0,0,0,0
27.95,7.0,348.0,262.0,317.0,70.5,0,0,1,1,0,0,0,0,0
27.95,7.0,348.0,262.0,317.0,70.5,0,0,1,1,0,0,0,0,0
39.95,7.0,348.0,262.0,317.0,70.5,0,0,1,1,0,0,0,0,0
189.0,7.0,348.0,262.0,317.0,70.5,0,0,1,1,0,0,0,0,0
129.0,7.0,348.0,262.0,317.0,70.5,0,0,1,1,0,0,0,0,0
49.95,7.0,348.0,262.0,317.0,70.5,0,0,1,1,0,0,0,0,0
99.0,7.0,348.0,262.0,317.0,70.5,0,0,1,1,0,0,0,0,0
119.0,7.0,348.0,262.0,317.0,70.5,0,0,1,1,0,0,0,0,0
69.95,7.0,348.0,262.0,317.0,70.5,0,0,1,1,0,0,0,0,0
149.0,7.0,348.0,262.0,317.0,70.5,0,0,1,1,0,0,0,0,0
69.95,7.0,348.0,262.0,317.0,70.5,0,0,1,1,0,0,0,0,0
64.95,7.0,348.0,262.0,317.0,70.5,0,0,1,1,0,0,0,0,0
42.95,7.0,348.0,262.0,317.0,70.5,0,0,1,1,0,0,0,0,0
64.95,7.0,348.0,262.0,317.0,70.5,0,0,1,1,0,0,0,0,0
169.0,7.0,348.0,262.0,317.0,70.5,0,0,1,1,0,0,0,0,0
46.95,7.0,348.0,262.0,317.0,70.5,0,0,1,1,0,0,0,0,0
139.0,9.0,1060.0,378.0,480.0,70.5,0,0,1,1,0,0,0,0,0
59.95,2.0,44.0,282.0,540.0,78.5,0,1,0,0,0,1,0,0,0
9.95,5.0,14.0,122.0,91.0,47.0,0,1,0,0,1,0,0,0,0
69.95,7.0,348.0,262.0,317.0,70.5,0,0,1,1,0,0,0,0,0
99.0,7.0,348.0,262.0,317.0,70.5,0,0,1,1,0,0,0,0,0
4.95,7.0,348.0,262.0,317.0,70.5,0,0,1,1,0,0,0,0,0
24.95,6.0,722.0,141.0,262.0,48.0,0,0,1,1,0,0,0,0,0
84.95,7.0,686.0,282.0,540.0,78.5,0,1,0,0,0,0,0,0,1
89.95,8.0,581.0,282.0,480.0,61.0,0,0,1,1,0,0,0,0,0
64.95,9.0,586.0,354.0,191.0,70.0,0,0,1,0,0,0,1,0,0
79.95,7.0,536.0,262.0,382.0,70.5,0,0,1,0,0,0,0,1,0
54.95,7.0,504.0,191.0,354.0,70.0,0,0,1,0,0,0,0,1,0
89.95,7.0,348.0,262.0,317.0,70.5,0,0,1,1,0,0,0,0,0
64.95,7.0,348.0,262.0,317.0,70.5,0,0,1,1,0,0,0,0,0
159.0,7.0,348.0,262.0,317.0,70.5,0,0,1,1,0,0,0,0,0
229.0,18.0,2048.0,378.0,582.0,103.0,0,0,1,1,0,0,0,0,0
64.95,7.0,348.0,262.0,317.0,70.5,0,0,1,1,0,0,0,0,0
22.95,7.0,348.0,262.0,317.0,70.5,0,0,1,1,0,0,0,0,0
8.95,7.0,348.0,262.0,317.0,70.5,0,0,1,1,0,0,0,0,0
159.0,7.0,348.0,262.0,317.0,70.5,0,0,1,1,0,0,0,0,0
499.0,18.0,3756.0,480.0,523.0,218.0,0,0,1,1,0,0,0,0,0
169.0,7.0,348.0,262.0,317.0,70.5,0,0,1,1,0,0,0,0,0
29.95,5.0,287.0,70.5,382.0,262.0,0,0,1,0,1,0,0,0,0
169.0,12.0,1212.0,70.5,480.0,378.0,0,1,0,1,0,0,0,0,0
69.95,8.0,498.0,191.0,354.0,70.0,0,1,0,1,0,0,0,0,0
54.95,6.0,669.0,262.0,382.0,56.5,1,0,0,1,0,0,0,0,0
64.95,6.0,707.0,262.0,382.0,56.5,1,0,0,1,0,0,0,0,0
29.95,7.0,479.0,191.0,262.0,61.0,1,0,0,1,0,0,0,0,0
139.0,7.0,348.0,262.0,317.0,70.5,0,0,1,1,0,0,0,0,0
99.0,7.0,348.0,262.0,317.0,70.5,0,0,1,1,0,0,0,0,0
229.0,7.0,348.0,262.0,317.0,70.5,0,0,1,1,0,0,0,0,0
279.0,7.0,348.0,262.0,317.0,70.5,0,0,1,1,0,0,0,0,0
259.0,7.0,348.0,262.0,317.0,70.5,0,0,1,1,0,0,0,0,0
139.0,7.0,348.0,262.0,317.0,70.5,0,0,1,1,0,0,0,0,0
129.0,7.0,348.0,262.0,317.0,70.5,0,0,1,1,0,0,0,0,0
269.0,18.0,2339.0,378.0,582.0,118.0,0,0,1,1,0,0,0,0,0
109.0,18.0,602.0,354.0,191.0,91.0,1,0,0,1,0,0,0,0,0
429.0,14.0,6163.0,262.0,317.0,70.5,0,0,1,1,0,0,0,0,0
129.0,18.0,802.0,262.0,382.0,70.5,0,0,1,1,0,0,0,0,0
149.0,7.0,348.0,262.0,317.0,70.5,0,0,1,1,0,0,0,0,0
299.0,18.0,1953.0,378.0,582.0,87.0,1,0,0,0,0,0,1,0,0
419.0,18.0,2961.0,483.0,378.0,257.0,0,0,1,1,0,0,0,0,0
799.0,18.0,6187.0,480.0,523.0,238.0,0,0,1,0,0,0,1,0,0
16.95,8.0,298.0,122.0,141.0,91.0,0,0,1,1,0,0,0,0,0
7.95,8.0,37.0,274.0,78.0,35.0,0,0,1,1,0,0,0,0,0
7.95,6.0,37.0,274.0,78.0,35.0,0,0,1,1,0,0,0,0,0
29.95,6.0,643.0,191.0,262.0,72.0,1,0,0,1,0,0,0,0,0
54.95,7.0,348.0,262.0,317.0,70.5,0,0,1,1,0,0,0,0,0
119.0,10.0,761.0,282.0,540.0,78.5,0,1,0,1,0,0,0,0,0
189.0,7.0,348.0,262.0,317.0,70.5,0,0,1,1,0,0,0,0,0
179.0,18.0,1677.0,282.0,480.0,118.0,1,0,0,1,0,0,0,0,0
64.95,7.0,348.0,262.0,317.0,70.5,0,0,1,1,0,0,0,0,0
229.0,7.0,348.0,262.0,317.0,70.5,0,0,1,1,0,0,0,0,0
32.95,7.0,348.0,262.0,317.0,70.5,0,0,1,1,0,0,0,0,0
36.95,7.0,348.0,262.0,317.0,70.5,0,0,1,1,0,0,0,0,0
89.95,7.0,348.0,262.0,317.0,70.5,0,0,1,1,0,0,0,0,0
59.95,7.0,348.0,262.0,317.0,70.5,0,0,1,1,0,0,0,0,0
119.0,7.0,348.0,262.0,317.0,70.5,0,0,1,1,0,0,0,0,0
24.95,7.0,348.0,262.0,317.0,70.5,0,0,1,1,0,0,0,0,0
24.95,6.0,1040.0,141.0,262.0,48.0,0,0,1,1,0,0,0,0,0
4.95,6.0,120.0,150.0,95.0,6.5,0,0,0,1,0,0,0,0,0
119.0,18.0,731.0,112.0,322.0,197.0,0,0,1,1,0,0,0,0,0
119.0,8.0,527.0,282.0,540.0,59.0,0,1,0,1,0,0,0,0,0
27.95,7.0,348.0,262.0,317.0,70.5,0,0,1,1,0,0,0,0,0
29.95,7.0,348.0,262.0,317.0,70.5,0,0,1,1,0,0,0,0,0
4.95,6.0,76.0,262.0,317.0,70.5,0,0,1,1,0,0,0,0,0
4.95,5.0,33.0,262.0,317.0,70.5,0,0,1,0,1,0,0,0,0
59.95,8.0,632.0,282.0,480.0,61.0,0,0,1,1,0,0,0,0,0
24.95,4.0,106.0,191.0,262.0,61.0,0,1,0,1,0,0,0,0,0
12.95,6.0,92.0,122.0,141.0,46.0,0,0,1,0,0,0,0,0,1
129.0,6.0,897.0,378.0,480.0,70.5,0,0,1,0,1,0,0,0,0
129.0,6.0,743.0,378.0,480.0,94.0,0,0,1,0,1,0,0,0,0
16.0,7.0,348.0,262.0,317.0,70.5,0,0,1,1,0,0,0,0,0
24.95,7.0,348.0,262.0,317.0,70.5,0,0,1,1,0,0,0,0,0
5.95,4.0,52.0,91.0,122.0,58.5,0,0,1,1,0,0,0,0,0
12.95,7.0,348.0,262.0,317.0,70.5,0,0,1,0,0,0,0,0,1
12.95,6.0,58.0,210.0,157.0,52.0,1,0,0,0,0,0,0,0,1
12.95,6.0,13.0,91.0,122.0,47.0,0,1,0,0,0,0,0,1,0
4.95,7.0,348.0,262.0,317.0,70.5,0,0,1,1,0,0,0,0,0
24.95,5.0,117.0,262.0,191.0,61.0,0,1,0,0,1,0,0,0,0
24.95,6.0,438.0,225.0,280.0,50.0,1,0,0,1,0,0,0,0,0
32.95,7.0,348.0,262.0,317.0,70.5,0,0,1,1,0,0,0,0,0
24.95,4.0,111.0,191.0,262.0,61.0,0,1,0,0,0,0,0,0,1
13.95,7.0,348.0,262.0,317.0,70.5,0,0,1,1,0,0,0,0,0
12.95,6.0,60.0,210.0,157.0,52.0,1,0,0,0,0,0,0,0,1
36.95,5.0,170.0,262.0,282.0,59.0,0,1,0,0,1,0,0,0,0
159.0,7.0,348.0,262.0,317.0,70.5,0,0,1,1,0,0,0,0,0
36.95,7.0,348.0,262.0,317.0,70.5,0,0,1,1,0,0,0,0,0
9.95,5.0,10.0,122.0,91.0,47.0,0,1,0,0,1,0,0,0,0
169.0,7.0,348.0,262.0,317.0,70.5,0,0,1,1,0,0,0,0,0
9.95,5.0,14.0,122.0,91.0,47.0,0,1,0,0,1,0,0,0,0
24.95,6.0,223.0,191.0,262.0,46.0,0,1,0,0,0,0,0,0,1
59.95,7.0,348.0,262.0,317.0,70.5,0,0,1,1,0,0,0,0,0
26.95,7.0,160.0,141.0,262.0,61.0,0,0,1,0,0,0,0,1,0
4.95,5.0,8.0,150.0,95.0,6.5,0,0,1,1,0,0,0,0,0
76.95,6.0,420.0,282.0,540.0,59.0,0,1,0,0,1,0,0,0,0
79.95,7.0,567.0,282.0,480.0,61.0,0,0,1,0,0,0,0,1,0
4.95,5.0,8.0,6.5,95.0,150.0,0,1,0,1,0,0,0,0,0
74.95,8.0,564.0,262.0,382.0,70.5,0,1,0,1,0,0,0,0,0
189.0,7.0,348.0,262.0,317.0,70.5,0,0,1,1,0,0,0,0,0
189.0,10.0,1673.0,378.0,480.0,94.0,0,0,1,1,0,0,0,0,0
99.0,7.0,348.0,262.0,317.0,70.5,0,0,1,1,0,0,0,0,0
99.0,18.0,1125.0,262.0,382.0,70.5,0,1,0,1,0,0,0,0,0
99.0,2.0,124.0,378.0,480.0,112.0,0,1,0,0,0,1,0,0,0
89.95,7.0,493.0,262.0,382.0,56.5,0,0,1,1,0,0,0,0,0
59.95,4.0,215.0,262.0,382.0,56.5,0,1,0,1,0,0,0,0,0
149.0,18.0,1367.0,354.0,378.0,94.0,0,1,0,1,0,0,0,0,0
72.0,8.0,1152.0,378.0,480.0,94.0,0,0,1,0,0,0,0,1,0
249.0,18.0,2363.0,480.0,582.0,124.0,1,0,0,1,0,0,0,0,0
149.0,18.0,4249.0,378.0,404.0,50.0,0,0,0,1,0,0,0,0,0
169.0,7.0,348.0,262.0,317.0,70.5,0,0,1,1,0,0,0,0,0
119.0,7.0,766.0,378.0,480.0,94.0,0,0,1,0,1,0,0,0,0
129.0,7.0,348.0,262.0,317.0,70.5,0,0,1,1,0,0,0,0,0
39.95,6.0,231.0,262.0,191.0,61.0,0,0,1,0,0,0,0,1,0
84.95,18.0,2870.0,380.0,270.0,74.0,0,0,0,1,0,0,0,0,0
54.95,1.5,20.0,262.0,382.0,94.0,1,0,0,0,0,1,0,0,0
69.95,7.0,642.0,282.0,480.0,61.0,1,0,0,0,0,0,0,0,1
89.95,8.0,971.0,378.0,480.0,94.0,0,1,0,0,0,0,0,0,1
99.0,7.0,717.0,282.0,540.0,78.5,1,0,0,0,0,0,0,0,1
99.0,8.0,681.0,282.0,480.0,61.0,0,0,1,1,0,0,0,0,0
9.95,5.0,13.0,122.0,91.0,47.0,0,1,0,0,1,0,0,0,0
26.95,7.0,159.0,141.0,262.0,48.0,0,1,0,1,0,0,0,0,0
5.95,5.0,16.0,262.0,317.0,70.5,0,0,1,1,0,0,0,0,0
24.95,6.0,179.0,191.0,205.0,61.0,0,1,0,0,0,0,0,0,1
46.95,6.0,246.0,191.0,262.0,61.0,0,0,1,0,0,0,0,1,0
36.95,1.5,40.0,262.0,382.0,94.0,0,1,0,0,0,1,0,0,0
46.95,8.0,310.0,262.0,191.0,61.0,0,0,1,1,0,0,0,0,0
169.0,7.0,1010.0,378.0,582.0,87.0,1,0,0,0,1,0,0,0,0
329.0,18.0,11695.0,384.0,552.0,152.0,1,0,0,1,0,0,0,0,0
99.0,5.0,365.0,354.0,378.0,70.5,1,0,0,1,0,0,0,0,0
74.95,2.0,41.0,378.0,354.0,94.0,0,1,0,0,0,1,0,0,0
46.95,8.0,259.0,191.0,262.0,46.0,0,1,0,1,0,0,0,0,0
64.95,9.0,641.0,262.0,382.0,70.5,0,0,1,1,0,0,0,0,0
4.95,1.5,9.0,262.0,317.0,70.5,0,0,1,0,0,1,0,0,0
109.0,8.0,877.0,282.0,540.0,78.5,0,0,1,0,0,0,0,1,0
189.0,12.0,348.0,262.0,317.0,70.5,0,0,1,1,0,0,0,0,0
29.95,4.0,87.0,191.0,205.0,61.0,0,1,0,0,0,0,0,0,1
11.95,6.0,137.0,141.0,191.0,46.0,0,0,1,1,0,0,0,0,0
79.95,8.0,534.0,262.0,382.0,70.5,0,0,1,1,0,0,0,0,0
46.95,6.0,140.0,225.0,280.0,52.0,1,0,0,1,0,0,0,0,0
4.95,7.0,348.0,262.0,317.0,70.5,0,0,1,1,0,0,0,0,0
99.0,18.0,608.0,262.0,282.0,76.0,0,0,1,0,0,0,1,0,0
229.0,18.0,2064.0,378.0,582.0,103.0,0,0,1,0,0,0,0,1,0
389.0,14.0,5686.0,582.0,480.0,170.0,1,0,0,1,0,0,0,0,0
42.95,4.0,500.0,222.0,262.0,95.0,1,0,0,1,0,0,0,0,0
54.95,2.0,59.0,378.0,94.0,354.0,0,0,1,1,0,0,0,0,0
18.95,6.0,98.0,191.0,141.0,46.0,0,1,0,1,0,0,0,0,0
119.0,8.0,1321.0,378.0,480.0,94.0,0,0,1,0,0,0,0,1,0
24.95,4.0,84.0,191.0,262.0,61.0,1,0,0,0,0,0,0,0,1
46.95,4.0,108.0,191.0,262.0,61.0,0,1,0,1,0,0,0,0,0
119.0,8.0,1154.0,378.0,582.0,87.0,1,0,0,0,0,0,0,0,1
59.95,6.0,587.0,262.0,382.0,70.5,1,0,0,1,0,0,0,0,0
269.0,18.0,3066.0,480.0,582.0,124.0,0,0,1,1,0,0,0,0,0
42.95,5.0,500.0,222.0,262.0,95.0,1,0,0,1,0,0,0,0,0
11.95,5.0,59.0,141.0,157.0,61.0,0,0,1,0,1,0,0,0,0
11.95,6.0,159.0,141.0,191.0,46.0,0,0,1,1,0,0,0,0,0
10.95,4.0,1.0,308.0,260.0,3.0,0,0,0,1,0,0,0,0,0
69.95,7.0,617.0,282.0,480.0,74.0,1,0,0,0,0,0,0,0,1
46.95,6.0,321.0,262.0,191.0,61.0,0,1,0,1,0,0,0,0,0
24.95,5.0,144.0,191.0,262.0,61.0,0,0,1,0,1,0,0,0,0
17.95,6.0,183.0,141.0,262.0,72.0,0,1,0,0,0,0,0,0,1
24.95,2.0,31.0,262.0,282.0,118.0,1,0,0,0,0,1,0,0,0
16.95,7.0,348.0,262.0,317.0,70.5,0,0,1,1,0,0,0,0,0
24.95,2.0,32.0,262.0,282.0,95.5,0,1,0,0,0,1,0,0,0
32.95,4.0,66.0,141.0,191.0,46.0,0,1,0,1,0,0,0,0,0
299.0,18.0,2049.0,480.0,582.0,124.0,1,0,0,1,0,0,0,0,0
26.95,4.0,103.0,191.0,205.0,73.0,0,1,0,1,0,0,0,0,0
29.95,5.0,258.0,262.0,382.0,70.5,0,0,1,1,0,0,0,0,0
129.0,9.0,971.0,378.0,480.0,70.5,0,0,1,1,0,0,0,0,0
39.95,6.0,292.0,191.0,354.0,59.0,0,1,0,1,0,0,0,0,0
49.95,2.0,19.0,262.0,382.0,94.0,1,0,0,0,0,1,0,0,0
24.95,6.0,243.0,191.0,262.0,72.0,1,0,0,0,1,0,0,0,0
179.0,7.0,1016.0,378.0,582.0,87.0,0,1,0,1,0,0,0,0,0
64.95,7.0,348.0,262.0,317.0,70.5,0,0,1,1,0,0,0,0,0
99.0,6.0,823.0,282.0,540.0,91.0,0,0,1,0,1,0,0,0,0
11.95,4.0,46.0,141.0,157.0,45.0,0,1,0,0,1,0,0,0,0
59.95,4.0,140.0,262.0,382.0,56.5,0,1,0,1,0,0,0,0,0
42.95,2.0,29.0,262.0,282.0,76.0,0,1,0,0,0,1,0,0,0
24.95,6.0,209.0,191.0,205.0,61.0,1,0,0,0,0,0,0,0,1
399.0,18.0,3772.0,582.0,480.0,170.0,0,0,1,1,0,0,0,0,0
32.95,6.0,211.0,141.0,262.0,91.0,0,1,0,1,0,0,0,0,0
169.0,18.0,1540.0,480.0,378.0,94.0,1,0,0,1,0,0,0,0,0
54.95,4.0,230.0,262.0,382.0,70.5,0,1,0,0,1,0,0,0,0
11.95,7.0,154.0,141.0,157.0,61.0,0,0,1,1,0,0,0,0,0
119.0,8.0,1157.0,378.0,480.0,70.5,0,0,1,0,0,0,0,1,0
24.95,2.0,15.0,262.0,282.0,95.5,1,0,0,0,0,1,0,0,0
36.95,5.0,317.0,262.0,282.0,59.0,0,0,1,0,1,0,0,0,0
479.0,18.0,5876.0,480.0,523.0,218.0,0,0,1,1,0,0,0,0,0
59.95,8.0,499.0,222.0,262.0,95.0,0,0,1,1,0,0,0,0,0
229.0,18.0,1872.0,282.0,480.0,118.0,1,0,0,1,0,0,0,0,0
11.95,7.0,177.0,141.0,157.0,61.0,0,0,1,1,0,0,0,0,0
74.95,7.0,593.0,282.0,480.0,74.0,0,1,0,0,0,0,0,0,1
42.95,4.0,153.0,262.0,282.0,76.0,0,0,1,0,1,0,0,0,0
4.95,5.0,348.0,262.0,317.0,70.5,0,0,1,0,1,0,0,0,0
52.95,6.0,376.0,222.0,262.0,62.0,0,1,0,1,0,0,0,0,0
59.95,10.0,671.0,262.0,382.0,56.5,0,1,0,1,0,0,0,0,0
439.0,18.0,3662.0,378.0,582.0,160.0,0,0,1,1,0,0,0,0,0
169.0,9.0,1739.0,378.0,582.0,87.0,1,0,0,1,0,0,0,0,0
119.0,9.0,957.0,282.0,480.0,74.0,0,0,1,0,0,0,1,0,0
119.0,8.0,802.0,282.0,480.0,74.0,0,1,0,1,0,0,0,0,0
24.95,5.0,148.0,191.0,262.0,61.0,0,0,1,0,1,0,0,0,0
54.95,4.0,653.0,262.0,282.0,95.5,1,0,0,1,0,0,0,0,0
18.95,6.0,138.0,157.0,141.0,45.0,0,0,1,0,0,0,1,0,0
149.0,18.0,1074.0,382.0,262.0,118.0,0,0,1,1,0,0,0,0,0
749.0,18.0,10001.0,262.0,317.0,70.5,0,0,1,1,0,0,0,0,0
219.0,11.0,2001.0,378.0,582.0,103.0,0,1,0,1,0,0,0,0,0
449.0,16.0,3599.0,375.0,570.0,150.0,0,0,1,1,0,0,0,0,0
84.95,9.0,599.0,262.0,382.0,56.5,1,0,0,1,0,0,0,0,0
54.95,8.0,438.0,191.0,354.0,59.0,0,0,1,1,0,0,0,0,0
32.95,8.0,247.0,141.0,262.0,72.0,0,0,1,1,0,0,0,0,0
279.0,18.0,2079.0,378.0,582.0,103.0,0,0,1,1,0,0,0,0,0
46.95,9.0,285.0,262.0,191.0,61.0,0,0,1,1,0,0,0,0,0
32.95,8.0,345.0,141.0,262.0,61.0,0,0,1,1,0,0,0,0,0
32.95,7.0,220.0,191.0,262.0,46.0,0,0,1,1,0,0,0,0,0
32.95,9.0,249.0,141.0,262.0,72.0,0,0,1,1,0,0,0,0,0
279.0,16.0,3036.0,582.0,124.0,480.0,0,0,1,1,0,0,0,0,0
36.95,6.0,252.0,191.0,354.0,70.0,0,0,1,0,1,0,0,0,0
24.95,4.0,103.0,141.0,262.0,61.0,0,1,0,1,0,0,0,0,0
94.95,8.0,1114.0,378.0,480.0,70.5,1,0,0,0,0,0,0,0,1
199.0,11.0,1492.0,378.0,582.0,118.0,0,1,0,1,0,0,0,0,0
899.0,18.0,6785.0,499.0,499.0,379.0,0,0,1,1,0,0,0,0,0
32.95,8.0,298.0,141.0,262.0,61.0,0,0,1,1,0,0,0,0,0
719.0,18.0,2883.0,523.0,378.0,257.0,0,0,0,1,0,0,0,0,0
489.0,7.0,348.0,262.0,317.0,70.5,0,0,1,1,0,0,0,0,0
179.0,9.0,1351.0,378.0,582.0,87.0,0,0,1,0,0,0,1,0,0
459.0,18.0,3981.0,262.0,317.0,70.5,0,0,1,1,0,0,0,0,0
